Department,Sex,Admitted
Biology,M,Yes
Biology,M,Yes
Biology,M,Yes
Biology,M,Yes
Biology,M,Yes
Biology,M,Yes
Biology,M,Yes
Biology,M,Yes
Biology,M,Yes
Biology,M,Yes
Biology,M,Yes
Biology,M,Yes
Biology,M,Yes
Biology,M,Yes
Biology,M,Yes
Biology,M,Yes
Biology,F,Yes
Biology,F,Yes
Biology,F,Yes
Biology,F,Yes
Biology,F,Yes
Biology,F,Yes
Biology,F,Yes
Biology,F,Yes
Biology,F,Yes
Biology,F,Yes
Biology,F,Yes
Biology,F,Yes
Biology,F,Yes
Biology,F,Yes
Biology,F,Yes
Biology,F,Yes
Biology,F,Yes
Biology,F,Yes
Biology,F,Yes
Biology,F,Yes
Biology,F,Yes
Biology,F,Yes
Biology,F,Yes
Biology,F,Yes
Biology,M,No
Biology,M,No
Biology,M,No
Biology,M,No
Biology,M,No
Biology,M,No
Biology,M,No
Biology,M,No
Biology,M,No
Biology,M,No
Biology,M,No
Biology,M,No
Biology,M,No
Biology,M,No
Biology,M,No
Biology,M,No
Biology,M,No
Biology,M,No
Biology,M,No
Biology,M,No
Biology,M,No
Biology,M,No
Biology,M,No
Biology,M,No
Biology,M,No
Biology,M,No
Biology,M,No
Biology,M,No
Biology,M,No
Biology,M,No
Biology,M,No
Biology,M,No
Biology,M,No
Biology,M,No
Biology,M,No
Biology,M,No
Biology,M,No
Biology,M,No
Biology,M,No
Biology,M,No
Biology,M,No
Biology,M,No
Biology,M,No
Biology,M,No
Biology,M,No
Biology,M,No
Biology,M,No
Biology,M,No
Biology,M,No
Biology,M,No
Biology,M,No
Biology,M,No
Biology,M,No
Biology,M,No
Biology,M,No
Biology,M,No
Biology,M,No
Biology,M,No
Biology,M,No
Biology,M,No
Biology,M,No
Biology,M,No
Biology,M,No
Biology,M,No
Biology,M,No
Biology,M,No
Biology,M,No
Biology,M,No
Biology,M,No
Biology,M,No
Biology,M,No
Biology,M,No
Biology,M,No
Biology,M,No
Biology,M,No
Biology,M,No
Biology,M,No
Biology,M,No
Biology,M,No
Biology,M,No
Biology,M,No
Biology,M,No
Biology,M,No
Biology,M,No
Biology,M,No
Biology,M,No
Biology,M,No
Biology,M,No
Biology,M,No
Biology,M,No
Biology,M,No
Biology,M,No
Biology,M,No
Biology,M,No
Biology,M,No
Biology,M,No
Biology,M,No
Biology,M,No
Biology,M,No
Biology,M,No
Biology,M,No
Biology,M,No
Biology,M,No
Biology,M,No
Biology,M,No
Biology,M,No
Biology,M,No
Biology,M,No
Biology,M,No
Biology,M,No
Biology,M,No
Biology,M,No
Biology,M,No
Biology,M,No
Biology,M,No
Biology,M,No
Biology,M,No
Biology,M,No
Biology,M,No
Biology,M,No
Biology,M,No
Biology,M,No
Biology,M,No
Biology,M,No
Biology,M,No
Biology,M,No
Biology,M,No
Biology,M,No
Biology,M,No
Biology,M,No
Biology,M,No
Biology,M,No
Biology,M,No
Biology,M,No
Biology,M,No
Biology,M,No
Biology,M,No
Biology,M,No
Biology,M,No
Biology,M,No
Biology,M,No
Biology,M,No
Biology,M,No
Biology,M,No
Biology,M,No
Biology,M,No
Biology,M,No
Biology,M,No
Biology,M,No
Biology,M,No
Biology,M,No
Biology,M,No
Biology,M,No
Biology,M,No
Biology,M,No
Biology,M,No
Biology,M,No
Biology,M,No
Biology,M,No
Biology,M,No
Biology,M,No
Biology,M,No
Biology,M,No
Biology,M,No
Biology,M,No
Biology,M,No
Biology,M,No
Biology,M,No
Biology,M,No
Biology,M,No
Biology,M,No
Biology,M,No
Biology,M,No
Biology,M,No
Biology,M,No
Biology,M,No
Biology,M,No
Biology,M,No
Biology,M,No
Biology,M,No
Biology,M,No
Biology,M,No
Biology,M,No
Biology,M,No
Biology,M,No
Biology,M,No
Biology,M,No
Biology,M,No
Biology,M,No
Biology,M,No
Biology,M,No
Biology,M,No
Biology,M,No
Biology,M,No
Biology,M,No
Biology,M,No
Biology,M,No
Biology,M,No
Biology,M,No
Biology,M,No
Biology,M,No
Biology,M,No
Biology,M,No
Biology,M,No
Biology,M,No
Biology,M,No
Biology,M,No
Biology,M,No
Biology,M,No
Biology,M,No
Biology,M,No
Biology,M,No
Biology,M,No
Biology,M,No
Biology,M,No
Biology,M,No
Biology,M,No
Biology,M,No
Biology,M,No
Biology,M,No
Biology,M,No
Biology,M,No
Biology,M,No
Biology,M,No
Biology,M,No
Biology,M,No
Biology,M,No
Biology,M,No
Biology,M,No
Biology,M,No
Biology,M,No
Biology,M,No
Biology,M,No
Biology,M,No
Biology,M,No
Biology,M,No
Biology,M,No
Biology,M,No
Biology,M,No
Biology,M,No
Biology,M,No
Biology,M,No
Biology,M,No
Biology,M,No
Biology,M,No
Biology,M,No
Biology,M,No
Biology,M,No
Biology,M,No
Biology,M,No
Biology,M,No
Biology,M,No
Biology,M,No
Biology,M,No
Biology,M,No
Biology,M,No
Biology,F,No
Biology,F,No
Biology,F,No
Biology,F,No
Biology,F,No
Biology,F,No
Biology,F,No
Biology,F,No
Biology,F,No
Biology,F,No
Biology,F,No
Biology,F,No
Biology,F,No
Biology,F,No
Biology,F,No
Biology,F,No
Biology,F,No
Biology,F,No
Biology,F,No
Biology,F,No
Biology,F,No
Biology,F,No
Biology,F,No
Biology,F,No
Biology,F,No
Biology,F,No
Biology,F,No
Biology,F,No
Biology,F,No
Biology,F,No
Biology,F,No
Biology,F,No
Biology,F,No
Biology,F,No
Biology,F,No
Biology,F,No
Biology,F,No
Biology,F,No
Biology,F,No
Biology,F,No
Biology,F,No
Biology,F,No
Biology,F,No
Biology,F,No
Biology,F,No
Biology,F,No
Biology,F,No
Biology,F,No
Biology,F,No
Biology,F,No
Biology,F,No
Biology,F,No
Biology,F,No
Biology,F,No
Biology,F,No
Biology,F,No
Biology,F,No
Biology,F,No
Biology,F,No
Biology,F,No
Biology,F,No
Biology,F,No
Biology,F,No
Biology,F,No
Biology,F,No
Biology,F,No
Biology,F,No
Biology,F,No
Biology,F,No
Biology,F,No
Biology,F,No
Biology,F,No
Biology,F,No
Biology,F,No
Biology,F,No
Biology,F,No
Biology,F,No
Biology,F,No
Biology,F,No
Biology,F,No
Biology,F,No
Biology,F,No
Biology,F,No
Biology,F,No
Biology,F,No
Biology,F,No
Biology,F,No
Biology,F,No
Biology,F,No
Biology,F,No
Biology,F,No
Biology,F,No
Biology,F,No
Biology,F,No
Biology,F,No
Biology,F,No
Biology,F,No
Biology,F,No
Biology,F,No
Biology,F,No
Biology,F,No
Biology,F,No
Biology,F,No
Biology,F,No
Biology,F,No
Biology,F,No
Biology,F,No
Biology,F,No
Biology,F,No
Biology,F,No
Biology,F,No
Biology,F,No
Biology,F,No
Biology,F,No
Biology,F,No
Biology,F,No
Biology,F,No
Biology,F,No
Biology,F,No
Biology,F,No
Biology,F,No
Biology,F,No
Biology,F,No
Biology,F,No
Biology,F,No
Biology,F,No
Biology,F,No
Biology,F,No
Biology,F,No
Biology,F,No
Biology,F,No
Biology,F,No
Biology,F,No
Biology,F,No
Biology,F,No
Biology,F,No
Biology,F,No
Biology,F,No
Biology,F,No
Biology,F,No
Biology,F,No
Biology,F,No
Biology,F,No
Biology,F,No
Biology,F,No
Biology,F,No
Biology,F,No
Biology,F,No
Biology,F,No
Biology,F,No
Biology,F,No
Biology,F,No
Biology,F,No
Biology,F,No
Biology,F,No
Biology,F,No
Biology,F,No
Biology,F,No
Biology,F,No
Biology,F,No
Biology,F,No
Biology,F,No
Biology,F,No
Biology,F,No
Biology,F,No
Biology,F,No
Biology,F,No
Biology,F,No
Biology,F,No
Biology,F,No
Biology,F,No
Biology,F,No
Biology,F,No
Biology,F,No
Biology,F,No
Biology,F,No
Biology,F,No
Biology,F,No
Biology,F,No
Biology,F,No
Biology,F,No
Biology,F,No
Biology,F,No
Biology,F,No
Biology,F,No
Biology,F,No
Biology,F,No
Biology,F,No
Biology,F,No
Biology,F,No
Biology,F,No
Biology,F,No
Biology,F,No
Biology,F,No
Biology,F,No
Biology,F,No
Biology,F,No
Biology,F,No
Biology,F,No
Biology,F,No
Biology,F,No
Biology,F,No
Biology,F,No
Biology,F,No
Biology,F,No
Biology,F,No
Biology,F,No
Biology,F,No
Biology,F,No
Biology,F,No
Biology,F,No
Biology,F,No
Biology,F,No
Biology,F,No
Biology,F,No
Biology,F,No
Biology,F,No
Biology,F,No
Biology,F,No
Biology,F,No
Biology,F,No
Biology,F,No
Biology,F,No
Biology,F,No
Biology,F,No
Biology,F,No
Biology,F,No
Biology,F,No
Biology,F,No
Biology,F,No
Biology,F,No
Biology,F,No
Biology,F,No
Biology,F,No
Biology,F,No
Biology,F,No
Biology,F,No
Biology,F,No
Biology,F,No
Biology,F,No
Biology,F,No
Biology,F,No
Biology,F,No
Biology,F,No
Biology,F,No
Biology,F,No
Biology,F,No
Biology,F,No
Biology,F,No
Biology,F,No
Biology,F,No
Biology,F,No
Biology,F,No
Biology,F,No
Biology,F,No
Biology,F,No
Biology,F,No
Biology,F,No
Biology,F,No
Biology,F,No
Biology,F,No
Biology,F,No
Biology,F,No
Biology,F,No
Biology,F,No
Biology,F,No
Biology,F,No
Biology,F,No
Biology,F,No
Biology,F,No
Biology,F,No
Biology,F,No
Biology,F,No
Biology,F,No
Biology,F,No
Biology,F,No
Biology,F,No
Biology,F,No
Biology,F,No
Biology,F,No
Biology,F,No
Biology,F,No
Biology,F,No
Biology,F,No
Biology,F,No
Biology,F,No
Biology,F,No
Biology,F,No
Biology,F,No
Biology,F,No
Biology,F,No
Biology,F,No
Biology,F,No
Biology,F,No
Biology,F,No
Biology,F,No
Biology,F,No
Biology,F,No
Biology,F,No
Biology,F,No
Biology,F,No
Biology,F,No
Biology,F,No
Biology,F,No
Biology,F,No
Biology,F,No
Biology,F,No
Biology,F,No
Biology,F,No
Biology,F,No
Biology,F,No
Biology,F,No
Biology,F,No
Biology,F,No
Biology,F,No
Biology,F,No
Biology,F,No
English,M,Yes
English,M,Yes
English,M,Yes
English,M,Yes
English,M,Yes
English,M,Yes
English,M,Yes
English,M,Yes
English,M,Yes
English,M,Yes
English,M,Yes
English,M,Yes
English,M,Yes
English,M,Yes
English,M,Yes
English,M,Yes
English,M,Yes
English,M,Yes
English,M,Yes
English,M,Yes
English,M,Yes
English,M,Yes
English,M,Yes
English,M,Yes
English,M,Yes
English,M,Yes
English,M,Yes
English,M,Yes
English,M,Yes
English,M,Yes
English,M,Yes
English,M,Yes
English,M,Yes
English,M,Yes
English,M,Yes
English,M,Yes
English,M,Yes
English,M,Yes
English,M,Yes
English,M,Yes
English,M,Yes
English,M,Yes
English,M,Yes
English,M,Yes
English,M,Yes
English,M,Yes
English,M,Yes
English,M,Yes
English,M,Yes
English,M,Yes
English,M,Yes
English,M,Yes
English,M,Yes
English,F,Yes
English,F,Yes
English,F,Yes
English,F,Yes
English,F,Yes
English,F,Yes
English,F,Yes
English,F,Yes
English,F,Yes
English,F,Yes
English,F,Yes
English,F,Yes
English,F,Yes
English,F,Yes
English,F,Yes
English,F,Yes
English,F,Yes
English,F,Yes
English,F,Yes
English,F,Yes
English,F,Yes
English,F,Yes
English,F,Yes
English,F,Yes
English,F,Yes
English,F,Yes
English,F,Yes
English,F,Yes
English,F,Yes
English,F,Yes
English,F,Yes
English,F,Yes
English,F,Yes
English,F,Yes
English,F,Yes
English,F,Yes
English,F,Yes
English,F,Yes
English,F,Yes
English,F,Yes
English,F,Yes
English,F,Yes
English,F,Yes
English,F,Yes
English,F,Yes
English,F,Yes
English,F,Yes
English,F,Yes
English,F,Yes
English,F,Yes
English,F,Yes
English,F,Yes
English,F,Yes
English,F,Yes
English,F,Yes
English,F,Yes
English,F,Yes
English,F,Yes
English,F,Yes
English,F,Yes
English,F,Yes
English,F,Yes
English,F,Yes
English,F,Yes
English,F,Yes
English,F,Yes
English,F,Yes
English,F,Yes
English,F,Yes
English,F,Yes
English,F,Yes
English,F,Yes
English,F,Yes
English,F,Yes
English,F,Yes
English,F,Yes
English,F,Yes
English,F,Yes
English,F,Yes
English,F,Yes
English,F,Yes
English,F,Yes
English,F,Yes
English,F,Yes
English,F,Yes
English,F,Yes
English,F,Yes
English,F,Yes
English,F,Yes
English,F,Yes
English,F,Yes
English,F,Yes
English,F,Yes
English,F,Yes
English,M,No
English,M,No
English,M,No
English,M,No
English,M,No
English,M,No
English,M,No
English,M,No
English,M,No
English,M,No
English,M,No
English,M,No
English,M,No
English,M,No
English,M,No
English,M,No
English,M,No
English,M,No
English,M,No
English,M,No
English,M,No
English,M,No
English,M,No
English,M,No
English,M,No
English,M,No
English,M,No
English,M,No
English,M,No
English,M,No
English,M,No
English,M,No
English,M,No
English,M,No
English,M,No
English,M,No
English,M,No
English,M,No
English,M,No
English,M,No
English,M,No
English,M,No
English,M,No
English,M,No
English,M,No
English,M,No
English,M,No
English,M,No
English,M,No
English,M,No
English,M,No
English,M,No
English,M,No
English,M,No
English,M,No
English,M,No
English,M,No
English,M,No
English,M,No
English,M,No
English,M,No
English,M,No
English,M,No
English,M,No
English,M,No
English,M,No
English,M,No
English,M,No
English,M,No
English,M,No
English,M,No
English,M,No
English,M,No
English,M,No
English,M,No
English,M,No
English,M,No
English,M,No
English,M,No
English,M,No
English,M,No
English,M,No
English,M,No
English,M,No
English,M,No
English,M,No
English,M,No
English,M,No
English,M,No
English,M,No
English,M,No
English,M,No
English,M,No
English,M,No
English,M,No
English,M,No
English,M,No
English,M,No
English,M,No
English,M,No
English,M,No
English,M,No
English,M,No
English,M,No
English,M,No
English,M,No
English,M,No
English,M,No
English,M,No
English,M,No
English,M,No
English,M,No
English,M,No
English,M,No
English,M,No
English,M,No
English,M,No
English,M,No
English,M,No
English,M,No
English,M,No
English,M,No
English,M,No
English,M,No
English,M,No
English,M,No
English,M,No
English,M,No
English,M,No
English,M,No
English,M,No
English,M,No
English,M,No
English,M,No
English,M,No
English,M,No
English,M,No
English,M,No
English,F,No
English,F,No
English,F,No
English,F,No
English,F,No
English,F,No
English,F,No
English,F,No
English,F,No
English,F,No
English,F,No
English,F,No
English,F,No
English,F,No
English,F,No
English,F,No
English,F,No
English,F,No
English,F,No
English,F,No
English,F,No
English,F,No
English,F,No
English,F,No
English,F,No
English,F,No
English,F,No
English,F,No
English,F,No
English,F,No
English,F,No
English,F,No
English,F,No
English,F,No
English,F,No
English,F,No
English,F,No
English,F,No
English,F,No
English,F,No
English,F,No
English,F,No
English,F,No
English,F,No
English,F,No
English,F,No
English,F,No
English,F,No
English,F,No
English,F,No
English,F,No
English,F,No
English,F,No
English,F,No
English,F,No
English,F,No
English,F,No
English,F,No
English,F,No
English,F,No
English,F,No
English,F,No
English,F,No
English,F,No
English,F,No
English,F,No
English,F,No
English,F,No
English,F,No
English,F,No
English,F,No
English,F,No
English,F,No
English,F,No
English,F,No
English,F,No
English,F,No
English,F,No
English,F,No
English,F,No
English,F,No
English,F,No
English,F,No
English,F,No
English,F,No
English,F,No
English,F,No
English,F,No
English,F,No
English,F,No
English,F,No
English,F,No
English,F,No
English,F,No
English,F,No
English,F,No
English,F,No
English,F,No
English,F,No
English,F,No
English,F,No
English,F,No
English,F,No
English,F,No
English,F,No
English,F,No
English,F,No
English,F,No
English,F,No
English,F,No
English,F,No
English,F,No
English,F,No
English,F,No
English,F,No
English,F,No
English,F,No
English,F,No
English,F,No
English,F,No
English,F,No
English,F,No
English,F,No
English,F,No
English,F,No
English,F,No
English,F,No
English,F,No
English,F,No
English,F,No
English,F,No
English,F,No
English,F,No
English,F,No
English,F,No
English,F,No
English,F,No
English,F,No
English,F,No
English,F,No
English,F,No
English,F,No
English,F,No
English,F,No
English,F,No
English,F,No
English,F,No
English,F,No
English,F,No
English,F,No
English,F,No
English,F,No
English,F,No
English,F,No
English,F,No
English,F,No
English,F,No
English,F,No
English,F,No
English,F,No
English,F,No
English,F,No
English,F,No
English,F,No
English,F,No
English,F,No
English,F,No
English,F,No
English,F,No
English,F,No
English,F,No
English,F,No
English,F,No
English,F,No
English,F,No
English,F,No
English,F,No
English,F,No
English,F,No
English,F,No
English,F,No
English,F,No
English,F,No
English,F,No
English,F,No
English,F,No
English,F,No
English,F,No
English,F,No
English,F,No
English,F,No
English,F,No
English,F,No
English,F,No
English,F,No
English,F,No
English,F,No
English,F,No
English,F,No
English,F,No
English,F,No
English,F,No
English,F,No
English,F,No
English,F,No
English,F,No
English,F,No
English,F,No
English,F,No
English,F,No
English,F,No
English,F,No
English,F,No
English,F,No
English,F,No
English,F,No
English,F,No
English,F,No
English,F,No
English,F,No
English,F,No
English,F,No
English,F,No
English,F,No
English,F,No
English,F,No
English,F,No
English,F,No
English,F,No
English,F,No
English,F,No
English,F,No
English,F,No
English,F,No
English,F,No
English,F,No
English,F,No
English,F,No
English,F,No
English,F,No
English,F,No
English,F,No
English,F,No
English,F,No
English,F,No
English,F,No
English,F,No
English,F,No
English,F,No
English,F,No
English,F,No
English,F,No
English,F,No
English,F,No
English,F,No
English,F,No
English,F,No
English,F,No
English,F,No
English,F,No
English,F,No
English,F,No
English,F,No
English,F,No
English,F,No
English,F,No
English,F,No
English,F,No
English,F,No
English,F,No
English,F,No
English,F,No
English,F,No
English,F,No
English,F,No
English,F,No
English,F,No
English,F,No
English,F,No
English,F,No
English,F,No
English,F,No
English,F,No
English,F,No
English,F,No
English,F,No
English,F,No
English,F,No
English,F,No
English,F,No
English,F,No
English,F,No
English,F,No
English,F,No
English,F,No
English,F,No
English,F,No
English,F,No
English,F,No
History,M,Yes
History,M,Yes
History,M,Yes
History,M,Yes
History,M,Yes
History,M,Yes
History,M,Yes
History,M,Yes
History,M,Yes
History,M,Yes
History,M,Yes
History,M,Yes
History,M,Yes
History,M,Yes
History,M,Yes
History,M,Yes
History,M,Yes
History,M,Yes
History,M,Yes
History,M,Yes
History,M,Yes
History,M,Yes
History,M,Yes
History,M,Yes
History,M,Yes
History,M,Yes
History,M,Yes
History,M,Yes
History,M,Yes
History,M,Yes
History,M,Yes
History,M,Yes
History,M,Yes
History,M,Yes
History,M,Yes
History,M,Yes
History,M,Yes
History,M,Yes
History,M,Yes
History,M,Yes
History,M,Yes
History,M,Yes
History,M,Yes
History,M,Yes
History,M,Yes
History,M,Yes
History,M,Yes
History,M,Yes
History,M,Yes
History,M,Yes
History,M,Yes
History,M,Yes
History,M,Yes
History,M,Yes
History,M,Yes
History,M,Yes
History,M,Yes
History,M,Yes
History,M,Yes
History,M,Yes
History,M,Yes
History,M,Yes
History,M,Yes
History,M,Yes
History,M,Yes
History,M,Yes
History,M,Yes
History,M,Yes
History,M,Yes
History,M,Yes
History,M,Yes
History,M,Yes
History,M,Yes
History,M,Yes
History,M,Yes
History,M,Yes
History,M,Yes
History,M,Yes
History,M,Yes
History,M,Yes
History,M,Yes
History,M,Yes
History,M,Yes
History,M,Yes
History,M,Yes
History,M,Yes
History,M,Yes
History,M,Yes
History,M,Yes
History,M,Yes
History,M,Yes
History,M,Yes
History,M,Yes
History,M,Yes
History,M,Yes
History,M,Yes
History,M,Yes
History,M,Yes
History,M,Yes
History,M,Yes
History,M,Yes
History,M,Yes
History,M,Yes
History,M,Yes
History,M,Yes
History,M,Yes
History,M,Yes
History,M,Yes
History,M,Yes
History,M,Yes
History,M,Yes
History,M,Yes
History,M,Yes
History,M,Yes
History,M,Yes
History,M,Yes
History,M,Yes
History,M,Yes
History,M,Yes
History,M,Yes
History,M,Yes
History,M,Yes
History,M,Yes
History,M,Yes
History,M,Yes
History,M,Yes
History,M,Yes
History,M,Yes
History,M,Yes
History,M,Yes
History,M,Yes
History,M,Yes
History,M,Yes
History,M,Yes
History,M,Yes
History,M,Yes
History,M,Yes
History,M,Yes
History,M,Yes
History,F,Yes
History,F,Yes
History,F,Yes
History,F,Yes
History,F,Yes
History,F,Yes
History,F,Yes
History,F,Yes
History,F,Yes
History,F,Yes
History,F,Yes
History,F,Yes
History,F,Yes
History,F,Yes
History,F,Yes
History,F,Yes
History,F,Yes
History,F,Yes
History,F,Yes
History,F,Yes
History,F,Yes
History,F,Yes
History,F,Yes
History,F,Yes
History,F,Yes
History,F,Yes
History,F,Yes
History,F,Yes
History,F,Yes
History,F,Yes
History,F,Yes
History,F,Yes
History,F,Yes
History,F,Yes
History,F,Yes
History,F,Yes
History,F,Yes
History,F,Yes
History,F,Yes
History,F,Yes
History,F,Yes
History,F,Yes
History,F,Yes
History,F,Yes
History,F,Yes
History,F,Yes
History,F,Yes
History,F,Yes
History,F,Yes
History,F,Yes
History,F,Yes
History,F,Yes
History,F,Yes
History,F,Yes
History,F,Yes
History,F,Yes
History,F,Yes
History,F,Yes
History,F,Yes
History,F,Yes
History,F,Yes
History,F,Yes
History,F,Yes
History,F,Yes
History,F,Yes
History,F,Yes
History,F,Yes
History,F,Yes
History,F,Yes
History,F,Yes
History,F,Yes
History,F,Yes
History,F,Yes
History,F,Yes
History,F,Yes
History,F,Yes
History,F,Yes
History,F,Yes
History,F,Yes
History,F,Yes
History,F,Yes
History,F,Yes
History,F,Yes
History,F,Yes
History,F,Yes
History,F,Yes
History,F,Yes
History,F,Yes
History,F,Yes
History,F,Yes
History,F,Yes
History,F,Yes
History,F,Yes
History,F,Yes
History,F,Yes
History,F,Yes
History,F,Yes
History,F,Yes
History,F,Yes
History,F,Yes
History,F,Yes
History,F,Yes
History,F,Yes
History,F,Yes
History,F,Yes
History,F,Yes
History,F,Yes
History,F,Yes
History,F,Yes
History,F,Yes
History,F,Yes
History,F,Yes
History,F,Yes
History,F,Yes
History,F,Yes
History,F,Yes
History,F,Yes
History,F,Yes
History,F,Yes
History,F,Yes
History,F,Yes
History,F,Yes
History,F,Yes
History,F,Yes
History,F,Yes
History,F,Yes
History,F,Yes
History,F,Yes
History,F,Yes
History,F,Yes
History,F,Yes
History,M,No
History,M,No
History,M,No
History,M,No
History,M,No
History,M,No
History,M,No
History,M,No
History,M,No
History,M,No
History,M,No
History,M,No
History,M,No
History,M,No
History,M,No
History,M,No
History,M,No
History,M,No
History,M,No
History,M,No
History,M,No
History,M,No
History,M,No
History,M,No
History,M,No
History,M,No
History,M,No
History,M,No
History,M,No
History,M,No
History,M,No
History,M,No
History,M,No
History,M,No
History,M,No
History,M,No
History,M,No
History,M,No
History,M,No
History,M,No
History,M,No
History,M,No
History,M,No
History,M,No
History,M,No
History,M,No
History,M,No
History,M,No
History,M,No
History,M,No
History,M,No
History,M,No
History,M,No
History,M,No
History,M,No
History,M,No
History,M,No
History,M,No
History,M,No
History,M,No
History,M,No
History,M,No
History,M,No
History,M,No
History,M,No
History,M,No
History,M,No
History,M,No
History,M,No
History,M,No
History,M,No
History,M,No
History,M,No
History,M,No
History,M,No
History,M,No
History,M,No
History,M,No
History,M,No
History,M,No
History,M,No
History,M,No
History,M,No
History,M,No
History,M,No
History,M,No
History,M,No
History,M,No
History,M,No
History,M,No
History,M,No
History,M,No
History,M,No
History,M,No
History,M,No
History,M,No
History,M,No
History,M,No
History,M,No
History,M,No
History,M,No
History,M,No
History,M,No
History,M,No
History,M,No
History,M,No
History,M,No
History,M,No
History,M,No
History,M,No
History,M,No
History,M,No
History,M,No
History,M,No
History,M,No
History,M,No
History,M,No
History,M,No
History,M,No
History,M,No
History,M,No
History,M,No
History,M,No
History,M,No
History,M,No
History,M,No
History,M,No
History,M,No
History,M,No
History,M,No
History,M,No
History,M,No
History,M,No
History,M,No
History,M,No
History,M,No
History,M,No
History,M,No
History,M,No
History,M,No
History,M,No
History,M,No
History,M,No
History,M,No
History,M,No
History,M,No
History,M,No
History,M,No
History,M,No
History,M,No
History,M,No
History,M,No
History,M,No
History,M,No
History,M,No
History,M,No
History,M,No
History,M,No
History,M,No
History,M,No
History,M,No
History,M,No
History,M,No
History,M,No
History,M,No
History,M,No
History,M,No
History,M,No
History,M,No
History,M,No
History,M,No
History,M,No
History,M,No
History,M,No
History,M,No
History,M,No
History,M,No
History,M,No
History,M,No
History,M,No
History,M,No
History,M,No
History,M,No
History,M,No
History,M,No
History,M,No
History,M,No
History,M,No
History,M,No
History,M,No
History,M,No
History,M,No
History,M,No
History,M,No
History,M,No
History,M,No
History,M,No
History,M,No
History,M,No
History,M,No
History,M,No
History,M,No
History,M,No
History,M,No
History,M,No
History,M,No
History,M,No
History,M,No
History,M,No
History,M,No
History,M,No
History,M,No
History,M,No
History,M,No
History,M,No
History,M,No
History,M,No
History,M,No
History,M,No
History,M,No
History,M,No
History,M,No
History,M,No
History,M,No
History,M,No
History,M,No
History,M,No
History,M,No
History,M,No
History,M,No
History,M,No
History,M,No
History,M,No
History,M,No
History,M,No
History,M,No
History,M,No
History,M,No
History,M,No
History,M,No
History,M,No
History,M,No
History,M,No
History,M,No
History,M,No
History,M,No
History,M,No
History,M,No
History,M,No
History,M,No
History,M,No
History,M,No
History,M,No
History,M,No
History,M,No
History,M,No
History,M,No
History,M,No
History,M,No
History,M,No
History,M,No
History,M,No
History,M,No
History,M,No
History,M,No
History,M,No
History,M,No
History,M,No
History,M,No
History,M,No
History,M,No
History,M,No
History,M,No
History,M,No
History,M,No
History,M,No
History,M,No
History,M,No
History,F,No
History,F,No
History,F,No
History,F,No
History,F,No
History,F,No
History,F,No
History,F,No
History,F,No
History,F,No
History,F,No
History,F,No
History,F,No
History,F,No
History,F,No
History,F,No
History,F,No
History,F,No
History,F,No
History,F,No
History,F,No
History,F,No
History,F,No
History,F,No
History,F,No
History,F,No
History,F,No
History,F,No
History,F,No
History,F,No
History,F,No
History,F,No
History,F,No
History,F,No
History,F,No
History,F,No
History,F,No
History,F,No
History,F,No
History,F,No
History,F,No
History,F,No
History,F,No
History,F,No
History,F,No
History,F,No
History,F,No
History,F,No
History,F,No
History,F,No
History,F,No
History,F,No
History,F,No
History,F,No
History,F,No
History,F,No
History,F,No
History,F,No
History,F,No
History,F,No
History,F,No
History,F,No
History,F,No
History,F,No
History,F,No
History,F,No
History,F,No
History,F,No
History,F,No
History,F,No
History,F,No
History,F,No
History,F,No
History,F,No
History,F,No
History,F,No
History,F,No
History,F,No
History,F,No
History,F,No
History,F,No
History,F,No
History,F,No
History,F,No
History,F,No
History,F,No
History,F,No
History,F,No
History,F,No
History,F,No
History,F,No
History,F,No
History,F,No
History,F,No
History,F,No
History,F,No
History,F,No
History,F,No
History,F,No
History,F,No
History,F,No
History,F,No
History,F,No
History,F,No
History,F,No
History,F,No
History,F,No
History,F,No
History,F,No
History,F,No
History,F,No
History,F,No
History,F,No
History,F,No
History,F,No
History,F,No
History,F,No
History,F,No
History,F,No
History,F,No
History,F,No
History,F,No
History,F,No
History,F,No
History,F,No
History,F,No
History,F,No
History,F,No
History,F,No
History,F,No
History,F,No
History,F,No
History,F,No
History,F,No
History,F,No
History,F,No
History,F,No
History,F,No
History,F,No
History,F,No
History,F,No
History,F,No
History,F,No
History,F,No
History,F,No
History,F,No
History,F,No
History,F,No
History,F,No
History,F,No
History,F,No
History,F,No
History,F,No
History,F,No
History,F,No
History,F,No
History,F,No
History,F,No
History,F,No
History,F,No
History,F,No
History,F,No
History,F,No
History,F,No
History,F,No
History,F,No
History,F,No
History,F,No
History,F,No
History,F,No
History,F,No
History,F,No
History,F,No
History,F,No
History,F,No
History,F,No
History,F,No
History,F,No
History,F,No
History,F,No
History,F,No
History,F,No
History,F,No
History,F,No
History,F,No
History,F,No
History,F,No
History,F,No
History,F,No
History,F,No
History,F,No
History,F,No
History,F,No
History,F,No
History,F,No
History,F,No
History,F,No
History,F,No
History,F,No
History,F,No
History,F,No
History,F,No
History,F,No
History,F,No
History,F,No
History,F,No
History,F,No
History,F,No
History,F,No
History,F,No
History,F,No
History,F,No
History,F,No
History,F,No
History,F,No
History,F,No
History,F,No
History,F,No
History,F,No
History,F,No
History,F,No
History,F,No
History,F,No
History,F,No
History,F,No
History,F,No
History,F,No
History,F,No
History,F,No
History,F,No
History,F,No
History,F,No
History,F,No
History,F,No
History,F,No
History,F,No
History,F,No
History,F,No
History,F,No
History,F,No
History,F,No
History,F,No
History,F,No
History,F,No
Mathematics,M,Yes
Mathematics,M,Yes
Mathematics,M,Yes
Mathematics,M,Yes
Mathematics,M,Yes
Mathematics,M,Yes
Mathematics,M,Yes
Mathematics,M,Yes
Mathematics,M,Yes
Mathematics,M,Yes
Mathematics,M,Yes
Mathematics,M,Yes
Mathematics,M,Yes
Mathematics,M,Yes
Mathematics,M,Yes
Mathematics,M,Yes
Mathematics,M,Yes
Mathematics,M,Yes
Mathematics,M,Yes
Mathematics,M,Yes
Mathematics,M,Yes
Mathematics,M,Yes
Mathematics,M,Yes
Mathematics,M,Yes
Mathematics,M,Yes
Mathematics,M,Yes
Mathematics,M,Yes
Mathematics,M,Yes
Mathematics,M,Yes
Mathematics,M,Yes
Mathematics,M,Yes
Mathematics,M,Yes
Mathematics,M,Yes
Mathematics,M,Yes
Mathematics,M,Yes
Mathematics,M,Yes
Mathematics,M,Yes
Mathematics,M,Yes
Mathematics,M,Yes
Mathematics,M,Yes
Mathematics,M,Yes
Mathematics,M,Yes
Mathematics,M,Yes
Mathematics,M,Yes
Mathematics,M,Yes
Mathematics,M,Yes
Mathematics,M,Yes
Mathematics,M,Yes
Mathematics,M,Yes
Mathematics,M,Yes
Mathematics,M,Yes
Mathematics,M,Yes
Mathematics,M,Yes
Mathematics,M,Yes
Mathematics,M,Yes
Mathematics,M,Yes
Mathematics,M,Yes
Mathematics,M,Yes
Mathematics,M,Yes
Mathematics,M,Yes
Mathematics,M,Yes
Mathematics,M,Yes
Mathematics,M,Yes
Mathematics,M,Yes
Mathematics,M,Yes
Mathematics,M,Yes
Mathematics,M,Yes
Mathematics,M,Yes
Mathematics,M,Yes
Mathematics,M,Yes
Mathematics,M,Yes
Mathematics,M,Yes
Mathematics,M,Yes
Mathematics,M,Yes
Mathematics,M,Yes
Mathematics,M,Yes
Mathematics,M,Yes
Mathematics,M,Yes
Mathematics,M,Yes
Mathematics,M,Yes
Mathematics,M,Yes
Mathematics,M,Yes
Mathematics,M,Yes
Mathematics,M,Yes
Mathematics,M,Yes
Mathematics,M,Yes
Mathematics,M,Yes
Mathematics,M,Yes
Mathematics,M,Yes
Mathematics,M,Yes
Mathematics,M,Yes
Mathematics,M,Yes
Mathematics,M,Yes
Mathematics,M,Yes
Mathematics,M,Yes
Mathematics,M,Yes
Mathematics,M,Yes
Mathematics,M,Yes
Mathematics,M,Yes
Mathematics,M,Yes
Mathematics,M,Yes
Mathematics,M,Yes
Mathematics,M,Yes
Mathematics,M,Yes
Mathematics,M,Yes
Mathematics,M,Yes
Mathematics,M,Yes
Mathematics,M,Yes
Mathematics,M,Yes
Mathematics,M,Yes
Mathematics,M,Yes
Mathematics,M,Yes
Mathematics,M,Yes
Mathematics,M,Yes
Mathematics,M,Yes
Mathematics,M,Yes
Mathematics,M,Yes
Mathematics,M,Yes
Mathematics,M,Yes
Mathematics,M,Yes
Mathematics,M,Yes
Mathematics,M,Yes
Mathematics,M,Yes
Mathematics,M,Yes
Mathematics,M,Yes
Mathematics,M,Yes
Mathematics,M,Yes
Mathematics,M,Yes
Mathematics,M,Yes
Mathematics,M,Yes
Mathematics,M,Yes
Mathematics,M,Yes
Mathematics,M,Yes
Mathematics,M,Yes
Mathematics,M,Yes
Mathematics,M,Yes
Mathematics,M,Yes
Mathematics,M,Yes
Mathematics,M,Yes
Mathematics,M,Yes
Mathematics,M,Yes
Mathematics,M,Yes
Mathematics,M,Yes
Mathematics,M,Yes
Mathematics,M,Yes
Mathematics,M,Yes
Mathematics,M,Yes
Mathematics,M,Yes
Mathematics,M,Yes
Mathematics,M,Yes
Mathematics,M,Yes
Mathematics,M,Yes
Mathematics,M,Yes
Mathematics,M,Yes
Mathematics,M,Yes
Mathematics,M,Yes
Mathematics,M,Yes
Mathematics,M,Yes
Mathematics,M,Yes
Mathematics,M,Yes
Mathematics,M,Yes
Mathematics,M,Yes
Mathematics,M,Yes
Mathematics,M,Yes
Mathematics,M,Yes
Mathematics,M,Yes
Mathematics,M,Yes
Mathematics,M,Yes
Mathematics,M,Yes
Mathematics,M,Yes
Mathematics,M,Yes
Mathematics,M,Yes
Mathematics,M,Yes
Mathematics,M,Yes
Mathematics,M,Yes
Mathematics,M,Yes
Mathematics,M,Yes
Mathematics,M,Yes
Mathematics,M,Yes
Mathematics,M,Yes
Mathematics,M,Yes
Mathematics,M,Yes
Mathematics,M,Yes
Mathematics,M,Yes
Mathematics,M,Yes
Mathematics,M,Yes
Mathematics,M,Yes
Mathematics,M,Yes
Mathematics,M,Yes
Mathematics,M,Yes
Mathematics,M,Yes
Mathematics,M,Yes
Mathematics,M,Yes
Mathematics,M,Yes
Mathematics,M,Yes
Mathematics,M,Yes
Mathematics,M,Yes
Mathematics,M,Yes
Mathematics,M,Yes
Mathematics,M,Yes
Mathematics,M,Yes
Mathematics,M,Yes
Mathematics,M,Yes
Mathematics,M,Yes
Mathematics,M,Yes
Mathematics,M,Yes
Mathematics,M,Yes
Mathematics,M,Yes
Mathematics,M,Yes
Mathematics,M,Yes
Mathematics,M,Yes
Mathematics,M,Yes
Mathematics,M,Yes
Mathematics,M,Yes
Mathematics,M,Yes
Mathematics,M,Yes
Mathematics,M,Yes
Mathematics,M,Yes
Mathematics,M,Yes
Mathematics,M,Yes
Mathematics,M,Yes
Mathematics,M,Yes
Mathematics,M,Yes
Mathematics,M,Yes
Mathematics,M,Yes
Mathematics,M,Yes
Mathematics,M,Yes
Mathematics,M,Yes
Mathematics,M,Yes
Mathematics,M,Yes
Mathematics,M,Yes
Mathematics,M,Yes
Mathematics,M,Yes
Mathematics,M,Yes
Mathematics,M,Yes
Mathematics,M,Yes
Mathematics,M,Yes
Mathematics,M,Yes
Mathematics,M,Yes
Mathematics,M,Yes
Mathematics,M,Yes
Mathematics,M,Yes
Mathematics,M,Yes
Mathematics,M,Yes
Mathematics,M,Yes
Mathematics,M,Yes
Mathematics,M,Yes
Mathematics,M,Yes
Mathematics,M,Yes
Mathematics,M,Yes
Mathematics,M,Yes
Mathematics,M,Yes
Mathematics,M,Yes
Mathematics,M,Yes
Mathematics,M,Yes
Mathematics,M,Yes
Mathematics,M,Yes
Mathematics,M,Yes
Mathematics,M,Yes
Mathematics,M,Yes
Mathematics,M,Yes
Mathematics,M,Yes
Mathematics,M,Yes
Mathematics,M,Yes
Mathematics,M,Yes
Mathematics,M,Yes
Mathematics,M,Yes
Mathematics,M,Yes
Mathematics,M,Yes
Mathematics,M,Yes
Mathematics,M,Yes
Mathematics,M,Yes
Mathematics,M,Yes
Mathematics,M,Yes
Mathematics,M,Yes
Mathematics,M,Yes
Mathematics,M,Yes
Mathematics,M,Yes
Mathematics,M,Yes
Mathematics,M,Yes
Mathematics,M,Yes
Mathematics,M,Yes
Mathematics,M,Yes
Mathematics,M,Yes
Mathematics,M,Yes
Mathematics,M,Yes
Mathematics,M,Yes
Mathematics,M,Yes
Mathematics,M,Yes
Mathematics,M,Yes
Mathematics,M,Yes
Mathematics,M,Yes
Mathematics,M,Yes
Mathematics,M,Yes
Mathematics,M,Yes
Mathematics,M,Yes
Mathematics,M,Yes
Mathematics,M,Yes
Mathematics,M,Yes
Mathematics,M,Yes
Mathematics,M,Yes
Mathematics,M,Yes
Mathematics,M,Yes
Mathematics,M,Yes
Mathematics,M,Yes
Mathematics,M,Yes
Mathematics,M,Yes
Mathematics,M,Yes
Mathematics,M,Yes
Mathematics,M,Yes
Mathematics,M,Yes
Mathematics,M,Yes
Mathematics,M,Yes
Mathematics,M,Yes
Mathematics,M,Yes
Mathematics,M,Yes
Mathematics,M,Yes
Mathematics,M,Yes
Mathematics,M,Yes
Mathematics,M,Yes
Mathematics,M,Yes
Mathematics,M,Yes
Mathematics,M,Yes
Mathematics,M,Yes
Mathematics,M,Yes
Mathematics,M,Yes
Mathematics,M,Yes
Mathematics,M,Yes
Mathematics,M,Yes
Mathematics,M,Yes
Mathematics,M,Yes
Mathematics,M,Yes
Mathematics,M,Yes
Mathematics,M,Yes
Mathematics,M,Yes
Mathematics,M,Yes
Mathematics,M,Yes
Mathematics,M,Yes
Mathematics,M,Yes
Mathematics,M,Yes
Mathematics,M,Yes
Mathematics,M,Yes
Mathematics,M,Yes
Mathematics,M,Yes
Mathematics,M,Yes
Mathematics,M,Yes
Mathematics,M,Yes
Mathematics,M,Yes
Mathematics,M,Yes
Mathematics,M,Yes
Mathematics,M,Yes
Mathematics,M,Yes
Mathematics,M,Yes
Mathematics,M,Yes
Mathematics,M,Yes
Mathematics,M,Yes
Mathematics,M,Yes
Mathematics,M,Yes
Mathematics,M,Yes
Mathematics,M,Yes
Mathematics,M,Yes
Mathematics,M,Yes
Mathematics,M,Yes
Mathematics,M,Yes
Mathematics,M,Yes
Mathematics,M,Yes
Mathematics,M,Yes
Mathematics,M,Yes
Mathematics,M,Yes
Mathematics,M,Yes
Mathematics,M,Yes
Mathematics,M,Yes
Mathematics,M,Yes
Mathematics,M,Yes
Mathematics,M,Yes
Mathematics,M,Yes
Mathematics,M,Yes
Mathematics,M,Yes
Mathematics,M,Yes
Mathematics,M,Yes
Mathematics,M,Yes
Mathematics,M,Yes
Mathematics,M,Yes
Mathematics,M,Yes
Mathematics,M,Yes
Mathematics,M,Yes
Mathematics,M,Yes
Mathematics,M,Yes
Mathematics,M,Yes
Mathematics,M,Yes
Mathematics,M,Yes
Mathematics,M,Yes
Mathematics,M,Yes
Mathematics,M,Yes
Mathematics,M,Yes
Mathematics,M,Yes
Mathematics,M,Yes
Mathematics,M,Yes
Mathematics,M,Yes
Mathematics,M,Yes
Mathematics,M,Yes
Mathematics,M,Yes
Mathematics,M,Yes
Mathematics,M,Yes
Mathematics,M,Yes
Mathematics,M,Yes
Mathematics,M,Yes
Mathematics,M,Yes
Mathematics,M,Yes
Mathematics,M,Yes
Mathematics,M,Yes
Mathematics,M,Yes
Mathematics,M,Yes
Mathematics,M,Yes
Mathematics,M,Yes
Mathematics,M,Yes
Mathematics,M,Yes
Mathematics,M,Yes
Mathematics,M,Yes
Mathematics,M,Yes
Mathematics,M,Yes
Mathematics,M,Yes
Mathematics,M,Yes
Mathematics,M,Yes
Mathematics,M,Yes
Mathematics,M,Yes
Mathematics,M,Yes
Mathematics,M,Yes
Mathematics,M,Yes
Mathematics,M,Yes
Mathematics,M,Yes
Mathematics,M,Yes
Mathematics,M,Yes
Mathematics,M,Yes
Mathematics,M,Yes
Mathematics,M,Yes
Mathematics,M,Yes
Mathematics,M,Yes
Mathematics,M,Yes
Mathematics,M,Yes
Mathematics,M,Yes
Mathematics,M,Yes
Mathematics,M,Yes
Mathematics,M,Yes
Mathematics,M,Yes
Mathematics,M,Yes
Mathematics,M,Yes
Mathematics,M,Yes
Mathematics,M,Yes
Mathematics,M,Yes
Mathematics,M,Yes
Mathematics,M,Yes
Mathematics,M,Yes
Mathematics,M,Yes
Mathematics,M,Yes
Mathematics,M,Yes
Mathematics,M,Yes
Mathematics,M,Yes
Mathematics,M,Yes
Mathematics,M,Yes
Mathematics,M,Yes
Mathematics,M,Yes
Mathematics,M,Yes
Mathematics,M,Yes
Mathematics,M,Yes
Mathematics,M,Yes
Mathematics,M,Yes
Mathematics,M,Yes
Mathematics,M,Yes
Mathematics,M,Yes
Mathematics,M,Yes
Mathematics,M,Yes
Mathematics,M,Yes
Mathematics,M,Yes
Mathematics,M,Yes
Mathematics,M,Yes
Mathematics,M,Yes
Mathematics,M,Yes
Mathematics,M,Yes
Mathematics,M,Yes
Mathematics,M,Yes
Mathematics,M,Yes
Mathematics,M,Yes
Mathematics,M,Yes
Mathematics,M,Yes
Mathematics,M,Yes
Mathematics,M,Yes
Mathematics,M,Yes
Mathematics,M,Yes
Mathematics,M,Yes
Mathematics,M,Yes
Mathematics,M,Yes
Mathematics,M,Yes
Mathematics,M,Yes
Mathematics,M,Yes
Mathematics,M,Yes
Mathematics,M,Yes
Mathematics,M,Yes
Mathematics,M,Yes
Mathematics,M,Yes
Mathematics,M,Yes
Mathematics,M,Yes
Mathematics,M,Yes
Mathematics,M,Yes
Mathematics,M,Yes
Mathematics,M,Yes
Mathematics,M,Yes
Mathematics,M,Yes
Mathematics,M,Yes
Mathematics,M,Yes
Mathematics,M,Yes
Philosophy,F,Yes
Philosophy,F,Yes
Philosophy,F,Yes
Philosophy,F,Yes
Philosophy,F,Yes
Philosophy,F,Yes
Philosophy,F,Yes
Philosophy,F,Yes
Philosophy,F,Yes
Philosophy,F,Yes
Philosophy,F,Yes
Philosophy,F,Yes
Philosophy,F,Yes
Philosophy,F,Yes
Philosophy,F,Yes
Philosophy,F,Yes
Philosophy,F,Yes
Philosophy,M,No
Philosophy,M,No
Philosophy,M,No
Philosophy,M,No
Philosophy,M,No
Philosophy,M,No
Philosophy,M,No
Philosophy,M,No
Philosophy,M,No
Philosophy,M,No
Philosophy,M,No
Philosophy,M,No
Philosophy,M,No
Philosophy,M,No
Philosophy,M,No
Philosophy,M,No
Philosophy,M,No
Philosophy,M,No
Philosophy,M,No
Philosophy,M,No
Philosophy,M,No
Philosophy,M,No
Philosophy,M,No
Philosophy,M,No
Philosophy,M,No
Philosophy,M,No
Philosophy,M,No
Philosophy,M,No
Philosophy,M,No
Philosophy,M,No
Philosophy,M,No
Philosophy,M,No
Philosophy,M,No
Philosophy,M,No
Philosophy,M,No
Philosophy,M,No
Philosophy,M,No
Philosophy,M,No
Philosophy,M,No
Philosophy,M,No
Philosophy,M,No
Philosophy,M,No
Philosophy,M,No
Philosophy,M,No
Philosophy,M,No
Philosophy,M,No
Philosophy,M,No
Philosophy,M,No
Philosophy,M,No
Philosophy,M,No
Philosophy,M,No
Philosophy,M,No
Philosophy,M,No
Philosophy,M,No
Philosophy,M,No
Philosophy,M,No
Philosophy,M,No
Philosophy,M,No
Philosophy,M,No
Philosophy,M,No
Philosophy,M,No
Philosophy,M,No
Philosophy,M,No
Philosophy,M,No
Philosophy,M,No
Philosophy,M,No
Philosophy,M,No
Philosophy,M,No
Philosophy,M,No
Philosophy,M,No
Philosophy,M,No
Philosophy,M,No
Philosophy,M,No
Philosophy,M,No
Philosophy,M,No
Philosophy,M,No
Philosophy,M,No
Philosophy,M,No
Philosophy,M,No
Philosophy,M,No
Philosophy,M,No
Philosophy,M,No
Philosophy,M,No
Philosophy,M,No
Philosophy,M,No
Philosophy,M,No
Philosophy,M,No
Philosophy,M,No
Philosophy,M,No
Philosophy,M,No
Philosophy,M,No
Philosophy,M,No
Philosophy,M,No
Philosophy,M,No
Philosophy,M,No
Philosophy,M,No
Philosophy,M,No
Philosophy,M,No
Philosophy,M,No
Philosophy,M,No
Philosophy,M,No
Philosophy,M,No
Philosophy,M,No
Philosophy,M,No
Philosophy,M,No
Philosophy,M,No
Philosophy,M,No
Philosophy,M,No
Philosophy,M,No
Philosophy,M,No
Philosophy,M,No
Philosophy,M,No
Philosophy,M,No
Philosophy,M,No
Philosophy,M,No
Philosophy,M,No
Philosophy,M,No
Philosophy,M,No
Philosophy,M,No
Philosophy,M,No
Philosophy,M,No
Philosophy,M,No
Philosophy,M,No
Philosophy,M,No
Philosophy,M,No
Philosophy,M,No
Philosophy,M,No
Philosophy,M,No
Philosophy,M,No
Philosophy,M,No
Philosophy,M,No
Philosophy,M,No
Philosophy,M,No
Philosophy,M,No
Philosophy,M,No
Philosophy,M,No
Philosophy,M,No
Philosophy,M,No
Philosophy,M,No
Philosophy,M,No
Philosophy,M,No
Philosophy,M,No
Philosophy,M,No
Philosophy,M,No
Philosophy,M,No
Philosophy,M,No
Philosophy,M,No
Philosophy,M,No
Philosophy,M,No
Philosophy,M,No
Philosophy,M,No
Philosophy,M,No
Philosophy,M,No
Philosophy,M,No
Philosophy,M,No
Philosophy,M,No
Philosophy,M,No
Philosophy,M,No
Philosophy,M,No
Philosophy,M,No
Philosophy,M,No
Philosophy,M,No
Philosophy,M,No
Philosophy,M,No
Philosophy,M,No
Philosophy,M,No
Philosophy,M,No
Philosophy,M,No
Philosophy,M,No
Philosophy,M,No
Philosophy,M,No
Philosophy,M,No
Philosophy,M,No
Philosophy,M,No
Philosophy,M,No
Philosophy,M,No
Philosophy,M,No
Philosophy,M,No
Philosophy,M,No
Philosophy,M,No
Philosophy,M,No
Philosophy,M,No
Philosophy,M,No
Philosophy,M,No
Philosophy,M,No
Philosophy,M,No
Philosophy,M,No
Philosophy,M,No
Philosophy,M,No
Philosophy,M,No
Philosophy,M,No
Philosophy,M,No
Philosophy,M,No
Philosophy,M,No
Philosophy,M,No
Philosophy,M,No
Philosophy,M,No
Philosophy,M,No
Philosophy,M,No
Philosophy,M,No
Philosophy,M,No
Philosophy,M,No
Philosophy,M,No
Philosophy,M,No
Philosophy,M,No
Philosophy,M,No
Philosophy,M,No
Philosophy,F,No
Philosophy,F,No
Philosophy,F,No
Philosophy,F,No
Philosophy,F,No
Philosophy,F,No
Philosophy,F,No
Philosophy,F,No
Philosophy,M,Yes
Philosophy,M,Yes
Philosophy,M,Yes
Philosophy,M,Yes
Philosophy,M,Yes
Philosophy,M,Yes
Philosophy,M,Yes
Philosophy,M,Yes
Philosophy,M,Yes
Philosophy,M,Yes
Philosophy,M,Yes
Philosophy,M,Yes
Philosophy,M,Yes
Philosophy,M,Yes
Philosophy,M,Yes
Philosophy,M,Yes
Philosophy,M,Yes
Philosophy,M,Yes
Philosophy,M,Yes
Philosophy,M,Yes
Philosophy,M,Yes
Philosophy,M,Yes
Philosophy,M,Yes
Philosophy,M,Yes
Philosophy,M,Yes
Philosophy,M,Yes
Philosophy,M,Yes
Philosophy,M,Yes
Philosophy,M,Yes
Philosophy,M,Yes
Philosophy,M,Yes
Philosophy,M,Yes
Philosophy,M,Yes
Philosophy,M,Yes
Philosophy,M,Yes
Philosophy,M,Yes
Philosophy,M,Yes
Philosophy,M,Yes
Philosophy,M,Yes
Philosophy,M,Yes
Philosophy,M,Yes
Philosophy,M,Yes
Philosophy,M,Yes
Philosophy,M,Yes
Philosophy,M,Yes
Philosophy,M,Yes
Philosophy,M,Yes
Philosophy,M,Yes
Philosophy,M,Yes
Philosophy,M,Yes
Philosophy,M,Yes
Philosophy,M,Yes
Philosophy,M,Yes
Philosophy,M,Yes
Philosophy,M,Yes
Philosophy,M,Yes
Philosophy,M,Yes
Philosophy,M,Yes
Philosophy,M,Yes
Philosophy,M,Yes
Philosophy,M,Yes
Philosophy,M,Yes
Philosophy,M,Yes
Philosophy,M,Yes
Philosophy,M,Yes
Philosophy,M,Yes
Philosophy,M,Yes
Philosophy,M,Yes
Philosophy,M,Yes
Philosophy,M,Yes
Philosophy,M,Yes
Philosophy,M,Yes
Philosophy,M,Yes
Philosophy,M,Yes
Philosophy,M,Yes
Philosophy,M,Yes
Philosophy,M,Yes
Philosophy,M,Yes
Philosophy,M,Yes
Philosophy,M,Yes
Philosophy,M,Yes
Philosophy,M,Yes
Philosophy,M,Yes
Philosophy,M,Yes
Philosophy,M,Yes
Philosophy,M,Yes
Philosophy,M,Yes
Philosophy,M,Yes
Philosophy,M,Yes
Philosophy,M,Yes
Philosophy,M,Yes
Philosophy,M,Yes
Philosophy,M,Yes
Philosophy,M,Yes
Philosophy,M,Yes
Philosophy,M,Yes
Philosophy,M,Yes
Philosophy,M,Yes
Philosophy,M,Yes
Philosophy,M,Yes
Philosophy,M,Yes
Philosophy,M,Yes
Philosophy,M,Yes
Philosophy,M,Yes
Philosophy,M,Yes
Philosophy,M,Yes
Philosophy,M,Yes
Philosophy,M,Yes
Philosophy,M,Yes
Philosophy,M,Yes
Philosophy,M,Yes
Philosophy,M,Yes
Philosophy,M,Yes
Philosophy,M,Yes
Philosophy,M,Yes
Philosophy,M,Yes
Philosophy,M,Yes
Philosophy,M,Yes
Philosophy,M,Yes
Philosophy,M,Yes
Philosophy,M,Yes
Philosophy,M,Yes
Philosophy,M,Yes
Philosophy,M,Yes
Philosophy,M,Yes
Philosophy,M,Yes
Philosophy,M,Yes
Philosophy,M,Yes
Philosophy,M,Yes
Philosophy,M,Yes
Philosophy,M,Yes
Philosophy,M,Yes
Philosophy,M,Yes
Philosophy,M,Yes
Philosophy,M,Yes
Philosophy,M,Yes
Philosophy,M,Yes
Philosophy,M,Yes
Philosophy,M,Yes
Philosophy,M,Yes
Philosophy,M,Yes
Philosophy,M,Yes
Philosophy,M,Yes
Philosophy,M,Yes
Philosophy,M,Yes
Philosophy,M,Yes
Philosophy,M,Yes
Philosophy,M,Yes
Philosophy,M,Yes
Philosophy,M,Yes
Philosophy,M,Yes
Philosophy,M,Yes
Philosophy,M,Yes
Philosophy,M,Yes
Philosophy,M,Yes
Philosophy,M,Yes
Philosophy,M,Yes
Philosophy,M,Yes
Philosophy,M,Yes
Philosophy,M,Yes
Philosophy,M,Yes
Philosophy,M,Yes
Philosophy,M,Yes
Philosophy,M,Yes
Philosophy,M,Yes
Philosophy,M,Yes
Philosophy,M,Yes
Philosophy,M,Yes
Philosophy,M,Yes
Philosophy,M,Yes
Philosophy,M,Yes
Philosophy,M,Yes
Philosophy,M,Yes
Philosophy,M,Yes
Philosophy,M,Yes
Philosophy,M,Yes
Philosophy,M,Yes
Philosophy,M,Yes
Philosophy,M,Yes
Philosophy,M,Yes
Philosophy,M,Yes
Philosophy,M,Yes
Philosophy,M,Yes
Philosophy,M,Yes
Philosophy,M,Yes
Philosophy,M,Yes
Philosophy,M,Yes
Philosophy,M,Yes
Philosophy,M,Yes
Philosophy,M,Yes
Philosophy,M,Yes
Philosophy,M,Yes
Philosophy,M,Yes
Philosophy,M,Yes
Philosophy,M,Yes
Philosophy,M,Yes
Philosophy,M,Yes
Philosophy,M,Yes
Philosophy,M,Yes
Philosophy,M,Yes
Philosophy,M,Yes
Philosophy,M,Yes
Philosophy,M,Yes
Philosophy,M,Yes
Philosophy,M,Yes
Philosophy,M,Yes
Philosophy,M,Yes
Philosophy,M,Yes
Philosophy,M,Yes
Philosophy,M,Yes
Philosophy,M,Yes
Philosophy,M,Yes
Philosophy,M,Yes
Philosophy,M,Yes
Philosophy,M,Yes
Philosophy,M,Yes
Philosophy,M,Yes
Philosophy,M,Yes
Philosophy,M,Yes
Philosophy,M,Yes
Philosophy,M,Yes
Philosophy,M,Yes
Philosophy,M,Yes
Philosophy,M,Yes
Philosophy,M,Yes
Philosophy,M,Yes
Philosophy,M,Yes
Philosophy,M,Yes
Philosophy,M,Yes
Philosophy,M,Yes
Philosophy,M,Yes
Philosophy,M,Yes
Philosophy,M,Yes
Philosophy,M,Yes
Philosophy,M,Yes
Philosophy,M,Yes
Philosophy,M,Yes
Philosophy,M,Yes
Philosophy,M,Yes
Philosophy,M,Yes
Philosophy,M,Yes
Philosophy,M,Yes
Philosophy,M,Yes
Philosophy,M,Yes
Philosophy,M,Yes
Philosophy,M,Yes
Philosophy,M,Yes
Philosophy,M,Yes
Philosophy,M,Yes
Philosophy,M,Yes
Philosophy,M,Yes
Philosophy,M,Yes
Philosophy,M,Yes
Philosophy,M,Yes
Philosophy,M,Yes
Philosophy,M,Yes
Philosophy,M,Yes
Philosophy,M,Yes
Philosophy,M,Yes
Philosophy,M,Yes
Philosophy,M,Yes
Philosophy,M,Yes
Philosophy,M,Yes
Philosophy,M,Yes
Philosophy,M,Yes
Philosophy,M,Yes
Philosophy,M,Yes
Philosophy,M,Yes
Philosophy,M,Yes
Philosophy,M,Yes
Philosophy,M,Yes
Philosophy,M,Yes
Philosophy,M,Yes
Philosophy,M,Yes
Philosophy,M,Yes
Philosophy,M,Yes
Philosophy,M,Yes
Philosophy,M,Yes
Philosophy,M,Yes
Philosophy,M,Yes
Philosophy,M,Yes
Philosophy,M,Yes
Philosophy,M,Yes
Philosophy,M,Yes
Philosophy,M,Yes
Philosophy,M,Yes
Philosophy,M,Yes
Philosophy,M,Yes
Philosophy,M,Yes
Philosophy,M,Yes
Philosophy,M,Yes
Philosophy,M,Yes
Philosophy,M,Yes
Philosophy,M,Yes
Philosophy,M,Yes
Philosophy,M,Yes
Philosophy,M,Yes
Philosophy,M,Yes
Philosophy,M,Yes
Philosophy,M,Yes
Philosophy,M,Yes
Philosophy,M,Yes
Philosophy,M,Yes
Philosophy,M,Yes
Philosophy,M,Yes
Philosophy,M,Yes
Philosophy,M,Yes
Philosophy,M,Yes
Philosophy,M,Yes
Philosophy,M,Yes
Philosophy,M,Yes
Philosophy,M,Yes
Philosophy,M,Yes
Philosophy,M,Yes
Philosophy,M,Yes
Philosophy,M,Yes
Philosophy,M,Yes
Philosophy,M,Yes
Philosophy,M,Yes
Philosophy,M,Yes
Philosophy,M,Yes
Philosophy,M,Yes
Philosophy,M,Yes
Philosophy,M,Yes
Philosophy,M,Yes
Philosophy,M,Yes
Philosophy,M,Yes
Philosophy,M,Yes
Philosophy,M,Yes
Philosophy,M,Yes
Philosophy,M,Yes
Philosophy,M,Yes
Philosophy,M,Yes
Philosophy,M,Yes
Philosophy,M,Yes
Philosophy,M,Yes
Philosophy,M,Yes
Philosophy,M,Yes
Philosophy,M,Yes
Philosophy,M,Yes
Philosophy,M,Yes
Philosophy,M,Yes
Philosophy,M,Yes
Philosophy,M,Yes
Philosophy,M,Yes
Philosophy,M,Yes
Philosophy,M,Yes
Philosophy,M,Yes
Philosophy,M,Yes
Philosophy,M,Yes
Philosophy,M,Yes
Philosophy,M,Yes
Philosophy,M,Yes
Mathematics,F,Yes
Mathematics,F,Yes
Mathematics,F,Yes
Mathematics,F,Yes
Mathematics,F,Yes
Mathematics,F,Yes
Mathematics,F,Yes
Mathematics,F,Yes
Mathematics,F,Yes
Mathematics,F,Yes
Mathematics,F,Yes
Mathematics,F,Yes
Mathematics,F,Yes
Mathematics,F,Yes
Mathematics,F,Yes
Mathematics,F,Yes
Mathematics,F,Yes
Mathematics,F,Yes
Mathematics,F,Yes
Mathematics,F,Yes
Mathematics,F,Yes
Mathematics,F,Yes
Mathematics,F,Yes
Mathematics,F,Yes
Mathematics,F,Yes
Mathematics,F,Yes
Mathematics,F,Yes
Mathematics,F,Yes
Mathematics,F,Yes
Mathematics,F,Yes
Mathematics,F,Yes
Mathematics,F,Yes
Mathematics,F,Yes
Mathematics,F,Yes
Mathematics,F,Yes
Mathematics,F,Yes
Mathematics,F,Yes
Mathematics,F,Yes
Mathematics,F,Yes
Mathematics,F,Yes
Mathematics,F,Yes
Mathematics,F,Yes
Mathematics,F,Yes
Mathematics,F,Yes
Mathematics,F,Yes
Mathematics,F,Yes
Mathematics,F,Yes
Mathematics,F,Yes
Mathematics,F,Yes
Mathematics,F,Yes
Mathematics,F,Yes
Mathematics,F,Yes
Mathematics,F,Yes
Mathematics,F,Yes
Mathematics,F,Yes
Mathematics,F,Yes
Mathematics,F,Yes
Mathematics,F,Yes
Mathematics,F,Yes
Mathematics,F,Yes
Mathematics,F,Yes
Mathematics,F,Yes
Mathematics,F,Yes
Mathematics,F,Yes
Mathematics,F,Yes
Mathematics,F,Yes
Mathematics,F,Yes
Mathematics,F,Yes
Mathematics,F,Yes
Mathematics,F,Yes
Mathematics,F,Yes
Mathematics,F,Yes
Mathematics,F,Yes
Mathematics,F,Yes
Mathematics,F,Yes
Mathematics,F,Yes
Mathematics,F,Yes
Mathematics,F,Yes
Mathematics,F,Yes
Mathematics,F,Yes
Mathematics,F,Yes
Mathematics,F,Yes
Mathematics,F,Yes
Mathematics,F,Yes
Mathematics,F,Yes
Mathematics,F,Yes
Mathematics,F,Yes
Mathematics,F,Yes
Mathematics,F,Yes
Mathematics,M,No
Mathematics,M,No
Mathematics,M,No
Mathematics,M,No
Mathematics,M,No
Mathematics,M,No
Mathematics,M,No
Mathematics,M,No
Mathematics,M,No
Mathematics,M,No
Mathematics,M,No
Mathematics,M,No
Mathematics,M,No
Mathematics,M,No
Mathematics,M,No
Mathematics,M,No
Mathematics,M,No
Mathematics,M,No
Mathematics,M,No
Mathematics,M,No
Mathematics,M,No
Mathematics,M,No
Mathematics,M,No
Mathematics,M,No
Mathematics,M,No
Mathematics,M,No
Mathematics,M,No
Mathematics,M,No
Mathematics,M,No
Mathematics,M,No
Mathematics,M,No
Mathematics,M,No
Mathematics,M,No
Mathematics,M,No
Mathematics,M,No
Mathematics,M,No
Mathematics,M,No
Mathematics,M,No
Mathematics,M,No
Mathematics,M,No
Mathematics,M,No
Mathematics,M,No
Mathematics,M,No
Mathematics,M,No
Mathematics,M,No
Mathematics,M,No
Mathematics,M,No
Mathematics,M,No
Mathematics,M,No
Mathematics,M,No
Mathematics,M,No
Mathematics,M,No
Mathematics,M,No
Mathematics,M,No
Mathematics,M,No
Mathematics,M,No
Mathematics,M,No
Mathematics,M,No
Mathematics,M,No
Mathematics,M,No
Mathematics,M,No
Mathematics,M,No
Mathematics,M,No
Mathematics,M,No
Mathematics,M,No
Mathematics,M,No
Mathematics,M,No
Mathematics,M,No
Mathematics,M,No
Mathematics,M,No
Mathematics,M,No
Mathematics,M,No
Mathematics,M,No
Mathematics,M,No
Mathematics,M,No
Mathematics,M,No
Mathematics,M,No
Mathematics,M,No
Mathematics,M,No
Mathematics,M,No
Mathematics,M,No
Mathematics,M,No
Mathematics,M,No
Mathematics,M,No
Mathematics,M,No
Mathematics,M,No
Mathematics,M,No
Mathematics,M,No
Mathematics,M,No
Mathematics,M,No
Mathematics,M,No
Mathematics,M,No
Mathematics,M,No
Mathematics,M,No
Mathematics,M,No
Mathematics,M,No
Mathematics,M,No
Mathematics,M,No
Mathematics,M,No
Mathematics,M,No
Mathematics,M,No
Mathematics,M,No
Mathematics,M,No
Mathematics,M,No
Mathematics,M,No
Mathematics,M,No
Mathematics,M,No
Mathematics,M,No
Mathematics,M,No
Mathematics,M,No
Mathematics,M,No
Mathematics,M,No
Mathematics,M,No
Mathematics,M,No
Mathematics,M,No
Mathematics,M,No
Mathematics,M,No
Mathematics,M,No
Mathematics,M,No
Mathematics,M,No
Mathematics,M,No
Mathematics,M,No
Mathematics,M,No
Mathematics,M,No
Mathematics,M,No
Mathematics,M,No
Mathematics,M,No
Mathematics,M,No
Mathematics,M,No
Mathematics,M,No
Mathematics,M,No
Mathematics,M,No
Mathematics,M,No
Mathematics,M,No
Mathematics,M,No
Mathematics,M,No
Mathematics,M,No
Mathematics,M,No
Mathematics,M,No
Mathematics,M,No
Mathematics,M,No
Mathematics,M,No
Mathematics,M,No
Mathematics,M,No
Mathematics,M,No
Mathematics,M,No
Mathematics,M,No
Mathematics,M,No
Mathematics,M,No
Mathematics,M,No
Mathematics,M,No
Mathematics,M,No
Mathematics,M,No
Mathematics,M,No
Mathematics,M,No
Mathematics,M,No
Mathematics,M,No
Mathematics,M,No
Mathematics,M,No
Mathematics,M,No
Mathematics,M,No
Mathematics,M,No
Mathematics,M,No
Mathematics,M,No
Mathematics,M,No
Mathematics,M,No
Mathematics,M,No
Mathematics,M,No
Mathematics,M,No
Mathematics,M,No
Mathematics,M,No
Mathematics,M,No
Mathematics,M,No
Mathematics,M,No
Mathematics,M,No
Mathematics,M,No
Mathematics,M,No
Mathematics,M,No
Mathematics,M,No
Mathematics,M,No
Mathematics,M,No
Mathematics,M,No
Mathematics,M,No
Mathematics,M,No
Mathematics,M,No
Mathematics,M,No
Mathematics,M,No
Mathematics,M,No
Mathematics,M,No
Mathematics,M,No
Mathematics,M,No
Mathematics,M,No
Mathematics,M,No
Mathematics,M,No
Mathematics,M,No
Mathematics,M,No
Mathematics,M,No
Mathematics,M,No
Mathematics,M,No
Mathematics,M,No
Mathematics,M,No
Mathematics,M,No
Mathematics,M,No
Mathematics,M,No
Mathematics,M,No
Mathematics,M,No
Mathematics,M,No
Mathematics,M,No
Mathematics,M,No
Mathematics,M,No
Mathematics,M,No
Mathematics,M,No
Mathematics,M,No
Mathematics,M,No
Mathematics,M,No
Mathematics,M,No
Mathematics,M,No
Mathematics,M,No
Mathematics,M,No
Mathematics,M,No
Mathematics,M,No
Mathematics,M,No
Mathematics,M,No
Mathematics,M,No
Mathematics,M,No
Mathematics,M,No
Mathematics,M,No
Mathematics,M,No
Mathematics,M,No
Mathematics,M,No
Mathematics,M,No
Mathematics,M,No
Mathematics,M,No
Mathematics,M,No
Mathematics,M,No
Mathematics,M,No
Mathematics,M,No
Mathematics,M,No
Mathematics,M,No
Mathematics,M,No
Mathematics,M,No
Mathematics,M,No
Mathematics,M,No
Mathematics,M,No
Mathematics,M,No
Mathematics,M,No
Mathematics,M,No
Mathematics,M,No
Mathematics,M,No
Mathematics,M,No
Mathematics,M,No
Mathematics,M,No
Mathematics,M,No
Mathematics,M,No
Mathematics,M,No
Mathematics,M,No
Mathematics,M,No
Mathematics,M,No
Mathematics,M,No
Mathematics,M,No
Mathematics,M,No
Mathematics,M,No
Mathematics,M,No
Mathematics,M,No
Mathematics,M,No
Mathematics,M,No
Mathematics,M,No
Mathematics,M,No
Mathematics,M,No
Mathematics,M,No
Mathematics,M,No
Mathematics,M,No
Mathematics,M,No
Mathematics,M,No
Mathematics,M,No
Mathematics,M,No
Mathematics,M,No
Mathematics,M,No
Mathematics,M,No
Mathematics,M,No
Mathematics,M,No
Mathematics,M,No
Mathematics,M,No
Mathematics,M,No
Mathematics,M,No
Mathematics,M,No
Mathematics,M,No
Mathematics,M,No
Mathematics,M,No
Mathematics,M,No
Mathematics,M,No
Mathematics,M,No
Mathematics,M,No
Mathematics,M,No
Mathematics,M,No
Mathematics,M,No
Mathematics,M,No
Mathematics,M,No
Mathematics,M,No
Mathematics,M,No
Mathematics,M,No
Mathematics,M,No
Mathematics,M,No
Mathematics,M,No
Mathematics,M,No
Mathematics,M,No
Mathematics,M,No
Mathematics,M,No
Mathematics,M,No
Mathematics,M,No
Mathematics,M,No
Mathematics,M,No
Mathematics,M,No
Mathematics,M,No
Mathematics,F,No
Mathematics,F,No
Mathematics,F,No
Mathematics,F,No
Mathematics,F,No
Mathematics,F,No
Mathematics,F,No
Mathematics,F,No
Mathematics,F,No
Mathematics,F,No
Mathematics,F,No
Mathematics,F,No
Mathematics,F,No
Mathematics,F,No
Mathematics,F,No
Mathematics,F,No
Mathematics,F,No
Mathematics,F,No
Mathematics,F,No
Psychology,M,Yes
Psychology,M,Yes
Psychology,M,Yes
Psychology,M,Yes
Psychology,M,Yes
Psychology,M,Yes
Psychology,M,Yes
Psychology,M,Yes
Psychology,M,Yes
Psychology,M,Yes
Psychology,M,Yes
Psychology,M,Yes
Psychology,M,Yes
Psychology,M,Yes
Psychology,M,Yes
Psychology,M,Yes
Psychology,M,Yes
Psychology,M,Yes
Psychology,M,Yes
Psychology,M,Yes
Psychology,M,Yes
Psychology,M,Yes
Psychology,M,Yes
Psychology,M,Yes
Psychology,M,Yes
Psychology,M,Yes
Psychology,M,Yes
Psychology,M,Yes
Psychology,M,Yes
Psychology,M,Yes
Psychology,M,Yes
Psychology,M,Yes
Psychology,M,Yes
Psychology,M,Yes
Psychology,M,Yes
Psychology,M,Yes
Psychology,M,Yes
Psychology,M,Yes
Psychology,M,Yes
Psychology,M,Yes
Psychology,M,Yes
Psychology,M,Yes
Psychology,M,Yes
Psychology,M,Yes
Psychology,M,Yes
Psychology,M,Yes
Psychology,M,Yes
Psychology,M,Yes
Psychology,M,Yes
Psychology,M,Yes
Psychology,M,Yes
Psychology,M,Yes
Psychology,M,Yes
Psychology,M,Yes
Psychology,M,Yes
Psychology,M,Yes
Psychology,M,Yes
Psychology,M,Yes
Psychology,M,Yes
Psychology,M,Yes
Psychology,M,Yes
Psychology,M,Yes
Psychology,M,Yes
Psychology,M,Yes
Psychology,M,Yes
Psychology,M,Yes
Psychology,M,Yes
Psychology,M,Yes
Psychology,M,Yes
Psychology,M,Yes
Psychology,M,Yes
Psychology,M,Yes
Psychology,M,Yes
Psychology,M,Yes
Psychology,M,Yes
Psychology,M,Yes
Psychology,M,Yes
Psychology,M,Yes
Psychology,M,Yes
Psychology,M,Yes
Psychology,M,Yes
Psychology,M,Yes
Psychology,M,Yes
Psychology,M,Yes
Psychology,M,Yes
Psychology,M,Yes
Psychology,M,Yes
Psychology,M,Yes
Psychology,M,Yes
Psychology,M,Yes
Psychology,M,Yes
Psychology,M,Yes
Psychology,M,Yes
Psychology,M,Yes
Psychology,M,Yes
Psychology,M,Yes
Psychology,M,Yes
Psychology,M,Yes
Psychology,M,Yes
Psychology,M,Yes
Psychology,M,Yes
Psychology,M,Yes
Psychology,M,Yes
Psychology,M,Yes
Psychology,M,Yes
Psychology,M,Yes
Psychology,M,Yes
Psychology,M,Yes
Psychology,M,Yes
Psychology,M,Yes
Psychology,M,Yes
Psychology,M,Yes
Psychology,M,Yes
Psychology,M,Yes
Psychology,M,Yes
Psychology,M,Yes
Psychology,M,Yes
Psychology,M,Yes
Psychology,M,Yes
Psychology,M,Yes
Psychology,F,Yes
Psychology,F,Yes
Psychology,F,Yes
Psychology,F,Yes
Psychology,F,Yes
Psychology,F,Yes
Psychology,F,Yes
Psychology,F,Yes
Psychology,F,Yes
Psychology,F,Yes
Psychology,F,Yes
Psychology,F,Yes
Psychology,F,Yes
Psychology,F,Yes
Psychology,F,Yes
Psychology,F,Yes
Psychology,F,Yes
Psychology,F,Yes
Psychology,F,Yes
Psychology,F,Yes
Psychology,F,Yes
Psychology,F,Yes
Psychology,F,Yes
Psychology,F,Yes
Psychology,F,Yes
Psychology,F,Yes
Psychology,F,Yes
Psychology,F,Yes
Psychology,F,Yes
Psychology,F,Yes
Psychology,F,Yes
Psychology,F,Yes
Psychology,F,Yes
Psychology,F,Yes
Psychology,F,Yes
Psychology,F,Yes
Psychology,F,Yes
Psychology,F,Yes
Psychology,F,Yes
Psychology,F,Yes
Psychology,F,Yes
Psychology,F,Yes
Psychology,F,Yes
Psychology,F,Yes
Psychology,F,Yes
Psychology,F,Yes
Psychology,F,Yes
Psychology,F,Yes
Psychology,F,Yes
Psychology,F,Yes
Psychology,F,Yes
Psychology,F,Yes
Psychology,F,Yes
Psychology,F,Yes
Psychology,F,Yes
Psychology,F,Yes
Psychology,F,Yes
Psychology,F,Yes
Psychology,F,Yes
Psychology,F,Yes
Psychology,F,Yes
Psychology,F,Yes
Psychology,F,Yes
Psychology,F,Yes
Psychology,F,Yes
Psychology,F,Yes
Psychology,F,Yes
Psychology,F,Yes
Psychology,F,Yes
Psychology,F,Yes
Psychology,F,Yes
Psychology,F,Yes
Psychology,F,Yes
Psychology,F,Yes
Psychology,F,Yes
Psychology,F,Yes
Psychology,F,Yes
Psychology,F,Yes
Psychology,F,Yes
Psychology,F,Yes
Psychology,F,Yes
Psychology,F,Yes
Psychology,F,Yes
Psychology,F,Yes
Psychology,F,Yes
Psychology,F,Yes
Psychology,F,Yes
Psychology,F,Yes
Psychology,F,Yes
Psychology,F,Yes
Psychology,F,Yes
Psychology,F,Yes
Psychology,F,Yes
Psychology,F,Yes
Psychology,F,Yes
Psychology,F,Yes
Psychology,F,Yes
Psychology,F,Yes
Psychology,F,Yes
Psychology,F,Yes
Psychology,F,Yes
Psychology,F,Yes
Psychology,F,Yes
Psychology,F,Yes
Psychology,F,Yes
Psychology,F,Yes
Psychology,F,Yes
Psychology,F,Yes
Psychology,F,Yes
Psychology,F,Yes
Psychology,F,Yes
Psychology,F,Yes
Psychology,F,Yes
Psychology,F,Yes
Psychology,F,Yes
Psychology,F,Yes
Psychology,F,Yes
Psychology,F,Yes
Psychology,F,Yes
Psychology,F,Yes
Psychology,F,Yes
Psychology,F,Yes
Psychology,F,Yes
Psychology,F,Yes
Psychology,F,Yes
Psychology,F,Yes
Psychology,F,Yes
Psychology,F,Yes
Psychology,F,Yes
Psychology,F,Yes
Psychology,F,Yes
Psychology,F,Yes
Psychology,F,Yes
Psychology,F,Yes
Psychology,F,Yes
Psychology,F,Yes
Psychology,F,Yes
Psychology,F,Yes
Psychology,F,Yes
Psychology,F,Yes
Psychology,F,Yes
Psychology,F,Yes
Psychology,F,Yes
Psychology,F,Yes
Psychology,F,Yes
Psychology,F,Yes
Psychology,F,Yes
Psychology,F,Yes
Psychology,F,Yes
Psychology,F,Yes
Psychology,F,Yes
Psychology,F,Yes
Psychology,F,Yes
Psychology,F,Yes
Psychology,F,Yes
Psychology,F,Yes
Psychology,F,Yes
Psychology,F,Yes
Psychology,F,Yes
Psychology,F,Yes
Psychology,F,Yes
Psychology,F,Yes
Psychology,F,Yes
Psychology,F,Yes
Psychology,F,Yes
Psychology,F,Yes
Psychology,F,Yes
Psychology,F,Yes
Psychology,F,Yes
Psychology,F,Yes
Psychology,F,Yes
Psychology,F,Yes
Psychology,F,Yes
Psychology,F,Yes
Psychology,F,Yes
Psychology,F,Yes
Psychology,F,Yes
Psychology,F,Yes
Psychology,F,Yes
Psychology,F,Yes
Psychology,F,Yes
Psychology,F,Yes
Psychology,F,Yes
Psychology,F,Yes
Psychology,F,Yes
Psychology,F,Yes
Psychology,F,Yes
Psychology,F,Yes
Psychology,F,Yes
Psychology,F,Yes
Psychology,F,Yes
Psychology,F,Yes
Psychology,F,Yes
Psychology,F,Yes
Psychology,F,Yes
Psychology,F,Yes
Psychology,F,Yes
Psychology,F,Yes
Psychology,F,Yes
Psychology,F,Yes
Psychology,F,Yes
Psychology,F,Yes
Psychology,M,No
Psychology,M,No
Psychology,M,No
Psychology,M,No
Psychology,M,No
Psychology,M,No
Psychology,M,No
Psychology,M,No
Psychology,M,No
Psychology,M,No
Psychology,M,No
Psychology,M,No
Psychology,M,No
Psychology,M,No
Psychology,M,No
Psychology,M,No
Psychology,M,No
Psychology,M,No
Psychology,M,No
Psychology,M,No
Psychology,M,No
Psychology,M,No
Psychology,M,No
Psychology,M,No
Psychology,M,No
Psychology,M,No
Psychology,M,No
Psychology,M,No
Psychology,M,No
Psychology,M,No
Psychology,M,No
Psychology,M,No
Psychology,M,No
Psychology,M,No
Psychology,M,No
Psychology,M,No
Psychology,M,No
Psychology,M,No
Psychology,M,No
Psychology,M,No
Psychology,M,No
Psychology,M,No
Psychology,M,No
Psychology,M,No
Psychology,M,No
Psychology,M,No
Psychology,M,No
Psychology,M,No
Psychology,M,No
Psychology,M,No
Psychology,M,No
Psychology,M,No
Psychology,M,No
Psychology,M,No
Psychology,M,No
Psychology,M,No
Psychology,M,No
Psychology,M,No
Psychology,M,No
Psychology,M,No
Psychology,M,No
Psychology,M,No
Psychology,M,No
Psychology,M,No
Psychology,M,No
Psychology,M,No
Psychology,M,No
Psychology,M,No
Psychology,M,No
Psychology,M,No
Psychology,M,No
Psychology,M,No
Psychology,M,No
Psychology,M,No
Psychology,M,No
Psychology,M,No
Psychology,M,No
Psychology,M,No
Psychology,M,No
Psychology,M,No
Psychology,M,No
Psychology,M,No
Psychology,M,No
Psychology,M,No
Psychology,M,No
Psychology,M,No
Psychology,M,No
Psychology,M,No
Psychology,M,No
Psychology,M,No
Psychology,M,No
Psychology,M,No
Psychology,M,No
Psychology,M,No
Psychology,M,No
Psychology,M,No
Psychology,M,No
Psychology,M,No
Psychology,M,No
Psychology,M,No
Psychology,M,No
Psychology,M,No
Psychology,M,No
Psychology,M,No
Psychology,M,No
Psychology,M,No
Psychology,M,No
Psychology,M,No
Psychology,M,No
Psychology,M,No
Psychology,M,No
Psychology,M,No
Psychology,M,No
Psychology,M,No
Psychology,M,No
Psychology,M,No
Psychology,M,No
Psychology,M,No
Psychology,M,No
Psychology,M,No
Psychology,M,No
Psychology,M,No
Psychology,M,No
Psychology,M,No
Psychology,M,No
Psychology,M,No
Psychology,M,No
Psychology,M,No
Psychology,M,No
Psychology,M,No
Psychology,M,No
Psychology,M,No
Psychology,M,No
Psychology,M,No
Psychology,M,No
Psychology,M,No
Psychology,M,No
Psychology,M,No
Psychology,M,No
Psychology,M,No
Psychology,M,No
Psychology,M,No
Psychology,M,No
Psychology,M,No
Psychology,M,No
Psychology,M,No
Psychology,M,No
Psychology,M,No
Psychology,M,No
Psychology,M,No
Psychology,M,No
Psychology,M,No
Psychology,M,No
Psychology,M,No
Psychology,M,No
Psychology,M,No
Psychology,M,No
Psychology,M,No
Psychology,M,No
Psychology,M,No
Psychology,M,No
Psychology,M,No
Psychology,M,No
Psychology,M,No
Psychology,M,No
Psychology,M,No
Psychology,M,No
Psychology,M,No
Psychology,M,No
Psychology,M,No
Psychology,M,No
Psychology,M,No
Psychology,M,No
Psychology,M,No
Psychology,M,No
Psychology,M,No
Psychology,M,No
Psychology,M,No
Psychology,M,No
Psychology,M,No
Psychology,M,No
Psychology,M,No
Psychology,M,No
Psychology,M,No
Psychology,M,No
Psychology,M,No
Psychology,M,No
Psychology,M,No
Psychology,M,No
Psychology,M,No
Psychology,M,No
Psychology,M,No
Psychology,M,No
Psychology,M,No
Psychology,M,No
Psychology,M,No
Psychology,M,No
Psychology,M,No
Psychology,M,No
Psychology,M,No
Psychology,M,No
Psychology,M,No
Psychology,M,No
Psychology,M,No
Psychology,M,No
Psychology,F,No
Psychology,F,No
Psychology,F,No
Psychology,F,No
Psychology,F,No
Psychology,F,No
Psychology,F,No
Psychology,F,No
Psychology,F,No
Psychology,F,No
Psychology,F,No
Psychology,F,No
Psychology,F,No
Psychology,F,No
Psychology,F,No
Psychology,F,No
Psychology,F,No
Psychology,F,No
Psychology,F,No
Psychology,F,No
Psychology,F,No
Psychology,F,No
Psychology,F,No
Psychology,F,No
Psychology,F,No
Psychology,F,No
Psychology,F,No
Psychology,F,No
Psychology,F,No
Psychology,F,No
Psychology,F,No
Psychology,F,No
Psychology,F,No
Psychology,F,No
Psychology,F,No
Psychology,F,No
Psychology,F,No
Psychology,F,No
Psychology,F,No
Psychology,F,No
Psychology,F,No
Psychology,F,No
Psychology,F,No
Psychology,F,No
Psychology,F,No
Psychology,F,No
Psychology,F,No
Psychology,F,No
Psychology,F,No
Psychology,F,No
Psychology,F,No
Psychology,F,No
Psychology,F,No
Psychology,F,No
Psychology,F,No
Psychology,F,No
Psychology,F,No
Psychology,F,No
Psychology,F,No
Psychology,F,No
Psychology,F,No
Psychology,F,No
Psychology,F,No
Psychology,F,No
Psychology,F,No
Psychology,F,No
Psychology,F,No
Psychology,F,No
Psychology,F,No
Psychology,F,No
Psychology,F,No
Psychology,F,No
Psychology,F,No
Psychology,F,No
Psychology,F,No
Psychology,F,No
Psychology,F,No
Psychology,F,No
Psychology,F,No
Psychology,F,No
Psychology,F,No
Psychology,F,No
Psychology,F,No
Psychology,F,No
Psychology,F,No
Psychology,F,No
Psychology,F,No
Psychology,F,No
Psychology,F,No
Psychology,F,No
Psychology,F,No
Psychology,F,No
Psychology,F,No
Psychology,F,No
Psychology,F,No
Psychology,F,No
Psychology,F,No
Psychology,F,No
Psychology,F,No
Psychology,F,No
Psychology,F,No
Psychology,F,No
Psychology,F,No
Psychology,F,No
Psychology,F,No
Psychology,F,No
Psychology,F,No
Psychology,F,No
Psychology,F,No
Psychology,F,No
Psychology,F,No
Psychology,F,No
Psychology,F,No
Psychology,F,No
Psychology,F,No
Psychology,F,No
Psychology,F,No
Psychology,F,No
Psychology,F,No
Psychology,F,No
Psychology,F,No
Psychology,F,No
Psychology,F,No
Psychology,F,No
Psychology,F,No
Psychology,F,No
Psychology,F,No
Psychology,F,No
Psychology,F,No
Psychology,F,No
Psychology,F,No
Psychology,F,No
Psychology,F,No
Psychology,F,No
Psychology,F,No
Psychology,F,No
Psychology,F,No
Psychology,F,No
Psychology,F,No
Psychology,F,No
Psychology,F,No
Psychology,F,No
Psychology,F,No
Psychology,F,No
Psychology,F,No
Psychology,F,No
Psychology,F,No
Psychology,F,No
Psychology,F,No
Psychology,F,No
Psychology,F,No
Psychology,F,No
Psychology,F,No
Psychology,F,No
Psychology,F,No
Psychology,F,No
Psychology,F,No
Psychology,F,No
Psychology,F,No
Psychology,F,No
Psychology,F,No
Psychology,F,No
Psychology,F,No
Psychology,F,No
Psychology,F,No
Psychology,F,No
Psychology,F,No
Psychology,F,No
Psychology,F,No
Psychology,F,No
Psychology,F,No
Psychology,F,No
Psychology,F,No
Psychology,F,No
Psychology,F,No
Psychology,F,No
Psychology,F,No
Psychology,F,No
Psychology,F,No
Psychology,F,No
Psychology,F,No
Psychology,F,No
Psychology,F,No
Psychology,F,No
Psychology,F,No
Psychology,F,No
Psychology,F,No
Psychology,F,No
Psychology,F,No
Psychology,F,No
Psychology,F,No
Psychology,F,No
Psychology,F,No
Psychology,F,No
Psychology,F,No
Psychology,F,No
Psychology,F,No
Psychology,F,No
Psychology,F,No
Psychology,F,No
Psychology,F,No
Psychology,F,No
Psychology,F,No
Psychology,F,No
Psychology,F,No
Psychology,F,No
Psychology,F,No
Psychology,F,No
Psychology,F,No
Psychology,F,No
Psychology,F,No
Psychology,F,No
Psychology,F,No
Psychology,F,No
Psychology,F,No
Psychology,F,No
Psychology,F,No
Psychology,F,No
Psychology,F,No
Psychology,F,No
Psychology,F,No
Psychology,F,No
Psychology,F,No
Psychology,F,No
Psychology,F,No
Psychology,F,No
Psychology,F,No
Psychology,F,No
Psychology,F,No
Psychology,F,No
Psychology,F,No
Psychology,F,No
Psychology,F,No
Psychology,F,No
Psychology,F,No
Psychology,F,No
Psychology,F,No
Psychology,F,No
Psychology,F,No
Psychology,F,No
Psychology,F,No
Psychology,F,No
Psychology,F,No
Psychology,F,No
Psychology,F,No
Psychology,F,No
Psychology,F,No
Psychology,F,No
Psychology,F,No
Psychology,F,No
Psychology,F,No
Psychology,F,No
Psychology,F,No
Psychology,F,No
Psychology,F,No
Psychology,F,No
Psychology,F,No
Psychology,F,No
Psychology,F,No
Psychology,F,No
Psychology,F,No
Psychology,F,No
Psychology,F,No
Psychology,F,No
Psychology,F,No
Psychology,F,No
Psychology,F,No
Psychology,F,No
Psychology,F,No
Psychology,F,No
Psychology,F,No
Psychology,F,No
Psychology,F,No
Psychology,F,No
Psychology,F,No
Psychology,F,No
Psychology,F,No
Psychology,F,No
Psychology,F,No
Psychology,F,No
Psychology,F,No
Psychology,F,No
Psychology,F,No
Psychology,F,No
Psychology,F,No
Psychology,F,No
Psychology,F,No
Psychology,F,No
Psychology,F,No
Psychology,F,No
Psychology,F,No
Psychology,F,No
Psychology,F,No
Psychology,F,No
Psychology,F,No
Psychology,F,No
Psychology,F,No
Psychology,F,No
Psychology,F,No
Psychology,F,No
Psychology,F,No
Psychology,F,No
Psychology,F,No
Psychology,F,No
Psychology,F,No
Psychology,F,No
Psychology,F,No
Psychology,F,No
Psychology,F,No
Psychology,F,No
Psychology,F,No
Psychology,F,No
Psychology,F,No
Psychology,F,No
Psychology,F,No
Psychology,F,No
Psychology,F,No
Psychology,F,No
Psychology,F,No
Psychology,F,No
Psychology,F,No
Psychology,F,No
Psychology,F,No
Psychology,F,No
Psychology,F,No
Psychology,F,No
Psychology,F,No
Psychology,F,No
Psychology,F,No
Psychology,F,No
Psychology,F,No
Psychology,F,No
Psychology,F,No
Psychology,F,No
Psychology,F,No
Psychology,F,No
Psychology,F,No
Psychology,F,No
Psychology,F,No
Psychology,F,No
Psychology,F,No
Psychology,F,No
Psychology,F,No
Psychology,F,No
Psychology,F,No
Psychology,F,No
Psychology,F,No
Psychology,F,No
Psychology,F,No
Psychology,F,No
Psychology,F,No
Psychology,F,No
Psychology,F,No
Psychology,F,No
Psychology,F,No
Psychology,F,No
Psychology,F,No
Psychology,F,No
Psychology,F,No
Psychology,F,No
Psychology,F,No
Psychology,F,No
Psychology,F,No
Psychology,F,No
Psychology,F,No
Psychology,F,No
Psychology,F,No
Psychology,F,No
Psychology,F,No
Psychology,F,No
Psychology,F,No
Psychology,F,No
Psychology,F,No
Psychology,F,No
Psychology,F,No
Psychology,F,No
Psychology,F,No
Psychology,F,No
Psychology,F,No
Psychology,F,No
Psychology,F,No
Psychology,F,No
Psychology,F,No
Psychology,F,No
Psychology,F,No
Psychology,F,No
Psychology,F,No
Psychology,F,No
Psychology,F,No
Psychology,F,No
Psychology,F,No
