"ID","CIT","CONFIRMED","AGE","BOND","ALEVEL","SAT","CAP","AWARD","INTEREST","INCOME"
40987,"Foreign",FALSE,20,NA,NA,1360,3.43,14000,"SOCIAL SCIENCE",46200
5802,"Singaporean",TRUE,18,TRUE,"A",1470,4.9,22000,"SCIENCE",261800
32242,"Foreign",FALSE,19,NA,NA,1230,3.86,18000,"HUMANITIES",168200
43427,"Singaporean",TRUE,19,FALSE,"B",1420,4.58,22000,"HUMANITIES",115500
61591,"Singaporean",FALSE,19,NA,"A",1240,4.19,18000,"HUMANITIES",62900
91397,"Foreign",TRUE,18,FALSE,NA,1280,4.54,22000,"SCIENCE",238100
76109,"Singaporean",FALSE,19,NA,"A",1270,3.81,18000,"SCIENCE",62600
35526,"Foreign",FALSE,20,NA,NA,1350,3.14,22000,"HUMANITIES",62200
88205,"Singaporean",FALSE,18,NA,"A",1230,4.28,18000,"SCIENCE",78600
82952,"Singaporean",FALSE,21,NA,"B",1410,3.8,18000,"SCIENCE",146600
72537,"Singaporean",FALSE,19,NA,"A",1100,3.71,18000,"SOCIAL SCIENCE",70900
89729,"Foreign",FALSE,19,NA,NA,1430,5,18000,"HUMANITIES",220400
2300,"Foreign",TRUE,18,TRUE,NA,1370,3.43,18000,"SCIENCE",82600
66001,"Singaporean",TRUE,21,FALSE,"B",1080,3.14,18000,"SOCIAL SCIENCE",70700
96846,"Singaporean",TRUE,18,FALSE,"B",1240,4.76,18000,"HUMANITIES",117600
97406,"Foreign",FALSE,19,NA,NA,1280,3.5,14000,"SCIENCE",209600
92678,"Foreign",FALSE,19,NA,NA,1110,3.81,18000,"SCIENCE",185700
73219,"Foreign",TRUE,19,FALSE,NA,1410,4.77,22000,"SCIENCE",217100
81632,"Singaporean",FALSE,21,NA,"A",1330,3.71,18000,"HUMANITIES",93400
20771,"Singaporean",TRUE,19,TRUE,"A",1180,4.37,14000,"SOCIAL SCIENCE",257000
29976,"Foreign",FALSE,19,NA,NA,1250,3.32,18000,"HUMANITIES",50100
23717,"Singaporean",FALSE,21,NA,"A",1370,3.87,18000,"HUMANITIES",306600
48673,"Foreign",FALSE,19,NA,NA,1160,3.37,18000,"SOCIAL SCIENCE",55800
69643,"Foreign",FALSE,19,NA,NA,1410,4.55,14000,"SCIENCE",151700
9288,"Singaporean",TRUE,21,FALSE,"A",1380,4.72,18000,"SCIENCE",54900
71682,"Singaporean",FALSE,22,NA,"A",1310,3.92,18000,"SOCIAL SCIENCE",76500
88403,"Foreign",FALSE,20,NA,NA,1390,4.19,14000,"SOCIAL SCIENCE",135500
65067,"Foreign",FALSE,19,NA,NA,1230,4,18000,"HUMANITIES",308300
42795,"Singaporean",FALSE,20,NA,"A",1100,3.59,14000,"SOCIAL SCIENCE",244700
21279,"Singaporean",FALSE,20,NA,"B",1500,4.47,18000,"HUMANITIES",115600
53664,"Singaporean",TRUE,18,TRUE,"B",1490,4.16,22000,"SOCIAL SCIENCE",117900
90256,"Singaporean",FALSE,20,NA,"B",1030,4.44,14000,"SOCIAL SCIENCE",455500
39649,"Singaporean",FALSE,18,NA,"B",1150,3.88,18000,"HUMANITIES",106300
41161,"Foreign",TRUE,20,FALSE,NA,1120,4.08,14000,"SOCIAL SCIENCE",133600
65457,"Singaporean",FALSE,20,NA,"B",1280,3.52,14000,"HUMANITIES",133300
7251,"Singaporean",FALSE,20,NA,"A",1540,4.52,18000,"HUMANITIES",261000
71548,"Singaporean",FALSE,22,NA,"B",1240,4.38,18000,"HUMANITIES",63900
54824,"Singaporean",FALSE,21,NA,"B",1380,3.43,14000,"SOCIAL SCIENCE",151900
93795,"Singaporean",FALSE,22,NA,"B",1190,4.09,18000,"HUMANITIES",45700
50613,"Singaporean",FALSE,19,NA,"B",1310,3.86,18000,"HUMANITIES",130600
98064,"Foreign",FALSE,18,NA,NA,1140,4.56,14000,"SCIENCE",73600
55821,"Singaporean",TRUE,19,TRUE,"B",1110,3.45,14000,"SOCIAL SCIENCE",57600
9071,"Singaporean",TRUE,19,TRUE,"B",1230,4.13,18000,"SOCIAL SCIENCE",64100
60829,"Singaporean",FALSE,20,NA,"A",1110,4.09,18000,"SCIENCE",96100
25536,"Singaporean",TRUE,20,TRUE,"B",1260,3.3,18000,"SCIENCE",55200
87365,"Foreign",FALSE,18,NA,NA,1190,3.12,18000,"HUMANITIES",207800
40758,"Singaporean",FALSE,21,NA,"B",1290,3.6,14000,"SCIENCE",93400
70783,"Singaporean",TRUE,20,FALSE,"A",1250,4.28,18000,"HUMANITIES",55700
47628,"Singaporean",FALSE,20,NA,"A",1410,3.25,14000,"SCIENCE",52300
31395,"Singaporean",TRUE,19,TRUE,"B",1270,4.02,22000,"SCIENCE",227100
59873,"Singaporean",TRUE,21,FALSE,"A",1260,4.56,18000,"SCIENCE",59400
92096,"Foreign",TRUE,20,TRUE,NA,1280,3.87,22000,"SCIENCE",86200
22325,"Singaporean",FALSE,18,NA,"B",1370,4.57,18000,"HUMANITIES",111600
9806,"Foreign",TRUE,19,TRUE,NA,1340,4.62,18000,"HUMANITIES",115900
17436,"Foreign",FALSE,18,NA,NA,1240,4.4,18000,"SCIENCE",171200
63923,"Foreign",FALSE,18,NA,NA,1030,3.6,18000,"HUMANITIES",46000
20234,"Singaporean",FALSE,20,NA,"A",1180,3.85,18000,"HUMANITIES",114000
91016,"Singaporean",TRUE,18,FALSE,"A",1570,3.93,18000,"SCIENCE",217800
82684,"Singaporean",FALSE,19,NA,"B",1370,3.68,14000,"HUMANITIES",198600
38104,"Singaporean",FALSE,18,NA,"A",1380,4.34,18000,"SOCIAL SCIENCE",181100
72049,"Singaporean",FALSE,18,NA,"A",1140,3.94,18000,"HUMANITIES",117500
60471,"Singaporean",FALSE,22,NA,"A",1220,4.39,14000,"SCIENCE",69900
73291,"Singaporean",FALSE,21,NA,"B",1480,5,22000,"HUMANITIES",113900
11361,"Singaporean",TRUE,19,FALSE,"A",1510,4.38,18000,"HUMANITIES",177500
45681,"Singaporean",FALSE,18,NA,"B",1430,4.54,22000,"SCIENCE",209800
76739,"Foreign",FALSE,20,NA,NA,1400,4.11,18000,"HUMANITIES",91700
95549,"Foreign",TRUE,19,FALSE,NA,1340,3.59,14000,"SCIENCE",314300
72407,"Foreign",FALSE,19,NA,NA,1260,4.2,14000,"HUMANITIES",198300
60589,"Singaporean",TRUE,18,FALSE,"B",1320,3.76,14000,"SOCIAL SCIENCE",87900
92443,"Foreign",TRUE,18,FALSE,NA,1110,4.28,18000,"SOCIAL SCIENCE",457700
81561,"Foreign",FALSE,19,NA,NA,1140,3.15,14000,"SOCIAL SCIENCE",104100
46011,"Singaporean",FALSE,21,NA,"A",1190,3.17,14000,"SOCIAL SCIENCE",138200
52190,"Foreign",FALSE,18,NA,NA,1130,2.96,18000,"SOCIAL SCIENCE",110800
44566,"Singaporean",FALSE,23,NA,"C",1260,3.44,14000,"SOCIAL SCIENCE",158000
17110,"Singaporean",FALSE,21,NA,"A",1390,5,22000,"HUMANITIES",326600
28867,"Singaporean",FALSE,21,NA,"B",1000,4.54,14000,"HUMANITIES",169400
29621,"Foreign",TRUE,19,TRUE,NA,1010,4.31,18000,"SOCIAL SCIENCE",64400
20625,"Foreign",FALSE,19,NA,NA,1130,3.79,18000,"HUMANITIES",134400
73019,"Singaporean",FALSE,22,NA,"B",1450,4.23,22000,"HUMANITIES",76000
80511,"Singaporean",FALSE,19,NA,"B",1200,3.94,14000,"SOCIAL SCIENCE",139800
62612,"Foreign",FALSE,18,NA,NA,1240,4.59,18000,"HUMANITIES",78800
65130,"Foreign",FALSE,20,NA,NA,1300,4.27,18000,"SOCIAL SCIENCE",159500
13073,"Singaporean",FALSE,18,NA,"B",1320,3.14,18000,"SOCIAL SCIENCE",69700
69707,"Singaporean",FALSE,19,NA,"B",1010,4.19,14000,"SCIENCE",111700
13942,"Singaporean",TRUE,19,FALSE,"C",1160,4.25,18000,"SCIENCE",90800
65982,"Foreign",TRUE,20,FALSE,NA,1320,4.88,22000,"SCIENCE",118000
92582,"Foreign",FALSE,19,NA,NA,1170,3.77,18000,"HUMANITIES",67400
20890,"Singaporean",FALSE,20,NA,"B",1280,3.78,14000,"HUMANITIES",96100
51688,"Foreign",TRUE,20,FALSE,NA,1040,3.5,18000,"SOCIAL SCIENCE",148500
78942,"Singaporean",FALSE,21,NA,"A",1100,3.71,14000,"SCIENCE",136300
754,"Foreign",TRUE,18,FALSE,NA,1150,3.32,14000,"SCIENCE",55800
2528,"Foreign",FALSE,18,NA,NA,1400,3.99,22000,"SOCIAL SCIENCE",294100
45182,"Singaporean",FALSE,18,NA,"B",1290,3.29,18000,"SCIENCE",116800
71795,"Foreign",FALSE,19,NA,NA,1360,4.57,18000,"SCIENCE",56000
52797,"Foreign",TRUE,19,FALSE,NA,1270,4.41,22000,"SOCIAL SCIENCE",55600
50854,"Singaporean",TRUE,22,TRUE,"C",1120,3.64,10000,"SOCIAL SCIENCE",146600
53510,"Singaporean",TRUE,19,FALSE,"B",1070,3.91,14000,"HUMANITIES",246000
34028,"Singaporean",FALSE,20,NA,"B",1200,3.3,14000,"SCIENCE",327300
95142,"Singaporean",FALSE,20,NA,"A",1350,4.4,18000,"HUMANITIES",156800
66809,"Singaporean",TRUE,18,FALSE,"B",1380,3.5,14000,"HUMANITIES",245700
47771,"Singaporean",FALSE,19,NA,"B",1270,3.24,22000,"SCIENCE",166000
40045,"Singaporean",FALSE,22,NA,"B",1100,3.49,10000,"SOCIAL SCIENCE",160300
25350,"Singaporean",FALSE,20,NA,"B",1270,3.84,14000,"HUMANITIES",55400
97427,"Singaporean",FALSE,19,NA,"B",1020,3.9,14000,"HUMANITIES",162000
14301,"Singaporean",FALSE,19,NA,"B",1300,4.41,22000,"HUMANITIES",134200
28557,"Singaporean",FALSE,18,NA,"B",1410,3.11,14000,"SCIENCE",79600
37372,"Foreign",FALSE,21,NA,NA,1250,3.51,18000,"SCIENCE",119700
47291,"Singaporean",FALSE,18,NA,"A",1120,4.03,14000,"SCIENCE",46400
83532,"Foreign",FALSE,18,NA,NA,1160,2.99,18000,"HUMANITIES",130700
63220,"Foreign",FALSE,19,NA,NA,1230,3.6,18000,"SCIENCE",558100
10561,"Singaporean",TRUE,18,FALSE,"B",1310,4.18,14000,"HUMANITIES",73100
21232,"Foreign",TRUE,18,TRUE,NA,1080,3.58,18000,"SCIENCE",70600
69320,"Foreign",FALSE,19,NA,NA,1400,3.75,18000,"HUMANITIES",54500
39244,"Foreign",FALSE,19,NA,NA,1210,3.83,14000,"SOCIAL SCIENCE",52300
20528,"Singaporean",TRUE,20,FALSE,"B",1360,4.32,22000,"SCIENCE",295700
1201,"Singaporean",FALSE,20,NA,"B",1160,4.1,18000,"SOCIAL SCIENCE",124300
43313,"Foreign",FALSE,18,NA,NA,1180,3.14,14000,"HUMANITIES",87800
79608,"Foreign",TRUE,18,TRUE,NA,1430,4.23,22000,"HUMANITIES",60600
42545,"Singaporean",FALSE,21,NA,"A",1580,4.08,22000,"SOCIAL SCIENCE",66000
70476,"Singaporean",FALSE,19,NA,"A",1220,3.59,14000,"SOCIAL SCIENCE",103400
61837,"Singaporean",FALSE,19,NA,"A",1190,4.52,18000,"HUMANITIES",297200
87380,"Singaporean",FALSE,21,NA,"A",1540,4.83,22000,"SOCIAL SCIENCE",109400
23416,"Singaporean",TRUE,18,TRUE,"A",1330,4.2,14000,"HUMANITIES",310600
78859,"Singaporean",FALSE,21,NA,"B",1280,3.98,18000,"SOCIAL SCIENCE",293500
35565,"Foreign",FALSE,18,NA,NA,1190,3.83,14000,"SOCIAL SCIENCE",186900
63481,"Singaporean",FALSE,22,NA,"B",1120,4.22,18000,"HUMANITIES",96300
55863,"Foreign",FALSE,18,NA,NA,1190,3.3,14000,"HUMANITIES",330100
1120,"Singaporean",FALSE,23,NA,"C",1450,4.02,22000,"HUMANITIES",410500
24134,"Foreign",TRUE,19,FALSE,NA,1090,4.15,18000,"SOCIAL SCIENCE",66700
44125,"Singaporean",TRUE,18,TRUE,"A",1490,3.6,22000,"SCIENCE",258000
36784,"Singaporean",FALSE,22,NA,"B",1480,4.41,22000,"HUMANITIES",92200
4434,"Singaporean",FALSE,18,NA,"B",1210,4.17,18000,"HUMANITIES",72100
51236,"Singaporean",FALSE,20,NA,"C",1130,3.37,14000,"HUMANITIES",314600
49636,"Singaporean",FALSE,20,NA,"B",1090,3.02,18000,"SCIENCE",46400
54976,"Foreign",FALSE,20,NA,NA,1490,5,18000,"SCIENCE",91600
86451,"Singaporean",TRUE,19,FALSE,"C",1190,4.91,22000,"HUMANITIES",124800
55990,"Foreign",FALSE,19,NA,NA,1340,3.8,22000,"SCIENCE",205700
34887,"Singaporean",TRUE,19,FALSE,"A",1200,3.36,18000,"SCIENCE",92000
54784,"Singaporean",TRUE,19,TRUE,"B",1370,3.95,14000,"SOCIAL SCIENCE",108200
91934,"Singaporean",FALSE,21,NA,"B",1020,3.27,14000,"HUMANITIES",91000
60857,"Foreign",FALSE,18,NA,NA,1130,4.03,18000,"SCIENCE",94700
77182,"Singaporean",FALSE,21,NA,"A",1420,3.67,14000,"SCIENCE",54400
56455,"Foreign",FALSE,19,NA,NA,1070,3.76,14000,"SCIENCE",84400
87786,"Foreign",FALSE,18,NA,NA,1440,4.3,18000,"SCIENCE",59500
71989,"Foreign",FALSE,18,NA,NA,1350,3.66,14000,"SOCIAL SCIENCE",110200
83233,"Foreign",FALSE,18,NA,NA,1340,4.31,22000,"SOCIAL SCIENCE",97100
96919,"Singaporean",TRUE,18,TRUE,"A",1180,2.98,14000,"SCIENCE",51000
86781,"Singaporean",FALSE,21,NA,"B",1340,4.33,14000,"HUMANITIES",71900
90261,"Singaporean",TRUE,19,TRUE,"A",1210,2.99,14000,"HUMANITIES",70400
95910,"Singaporean",FALSE,19,NA,"A",1530,3.73,18000,"SOCIAL SCIENCE",267100
47288,"Foreign",FALSE,19,NA,NA,1320,3.77,18000,"SOCIAL SCIENCE",60900
4588,"Foreign",FALSE,21,NA,NA,1160,3.06,18000,"HUMANITIES",385400
76045,"Singaporean",FALSE,20,NA,"C",1270,3.12,14000,"SCIENCE",53300
73202,"Singaporean",FALSE,19,NA,"B",1080,3.79,14000,"SCIENCE",154700
72345,"Singaporean",TRUE,20,FALSE,"B",1300,3.77,18000,"SCIENCE",125700
33501,"Singaporean",FALSE,22,NA,"A",1160,3.76,14000,"SCIENCE",285300
50386,"Singaporean",FALSE,20,NA,"A",1280,4.17,22000,"HUMANITIES",57500
94188,"Singaporean",FALSE,21,NA,"A",1470,4.51,22000,"SCIENCE",138200
45109,"Foreign",FALSE,18,NA,NA,1430,4.25,18000,"SCIENCE",452900
9858,"Singaporean",TRUE,18,TRUE,"B",1020,4.01,18000,"HUMANITIES",75100
72869,"Singaporean",FALSE,19,NA,"A",1500,3.66,18000,"SCIENCE",58300
9010,"Singaporean",TRUE,18,FALSE,"A",1250,3.81,18000,"HUMANITIES",140500
39170,"Singaporean",FALSE,18,NA,"A",1410,4.57,22000,"HUMANITIES",283900
53217,"Foreign",TRUE,19,FALSE,NA,1130,4.64,14000,"HUMANITIES",104000
45336,"Singaporean",FALSE,21,NA,"B",1450,4.47,22000,"SCIENCE",122300
87948,"Singaporean",FALSE,20,NA,"A",1540,5,18000,"SOCIAL SCIENCE",340900
8534,"Foreign",FALSE,22,NA,NA,1300,3.12,18000,"SCIENCE",81800
61257,"Foreign",FALSE,22,NA,NA,1440,4.1,22000,"SOCIAL SCIENCE",46900
83310,"Singaporean",TRUE,20,FALSE,"A",1110,4.13,14000,"SOCIAL SCIENCE",65900
10549,"Singaporean",FALSE,22,NA,"B",1100,4.59,14000,"HUMANITIES",210400
14147,"Foreign",FALSE,18,NA,NA,1480,3.98,18000,"SCIENCE",267800
32255,"Singaporean",FALSE,19,NA,"A",1110,4.12,18000,"HUMANITIES",389800
36101,"Singaporean",FALSE,21,NA,"A",1500,4.24,18000,"SOCIAL SCIENCE",193000
77171,"Foreign",TRUE,18,TRUE,NA,1420,2.7,18000,"SCIENCE",606300
10722,"Foreign",FALSE,18,NA,NA,1100,3.58,10000,"SOCIAL SCIENCE",46400
12797,"Singaporean",FALSE,20,NA,"B",1440,5,18000,"SCIENCE",262700
65318,"Foreign",FALSE,18,NA,NA,1040,3.76,14000,"SCIENCE",61700
3566,"Singaporean",FALSE,23,NA,"B",1360,3.35,18000,"SOCIAL SCIENCE",80100
24653,"Singaporean",FALSE,19,NA,"B",1310,3.45,14000,"SOCIAL SCIENCE",366200
49118,"Foreign",FALSE,19,NA,NA,1070,3.8,18000,"HUMANITIES",52400
35685,"Foreign",FALSE,19,NA,NA,1040,3.65,14000,"HUMANITIES",59400
64737,"Singaporean",TRUE,19,TRUE,"A",1100,3.96,18000,"HUMANITIES",155500
92804,"Foreign",TRUE,18,TRUE,NA,1300,3.59,14000,"SOCIAL SCIENCE",171800
4622,"Singaporean",FALSE,20,NA,"A",1470,5,22000,"SOCIAL SCIENCE",84100
73336,"Singaporean",FALSE,22,NA,"B",1330,4.64,22000,"SOCIAL SCIENCE",91600
73313,"Foreign",FALSE,19,NA,NA,1430,4.35,22000,"SCIENCE",261800
13191,"Singaporean",TRUE,19,TRUE,"A",1490,4.08,22000,"SCIENCE",127900
9095,"Singaporean",FALSE,23,NA,"B",1090,3.53,10000,"SOCIAL SCIENCE",86900
68003,"Singaporean",FALSE,22,NA,"C",1290,3.54,18000,"SOCIAL SCIENCE",216700
7695,"Foreign",FALSE,22,NA,NA,1490,5,22000,"SOCIAL SCIENCE",258600
35735,"Singaporean",TRUE,19,FALSE,"A",1140,3.03,14000,"HUMANITIES",214300
82805,"Singaporean",FALSE,19,NA,"C",1070,3.84,14000,"SCIENCE",93300
19329,"Singaporean",FALSE,21,NA,"B",1380,4.46,22000,"SOCIAL SCIENCE",207400
13002,"Singaporean",FALSE,18,NA,"B",1000,3.65,18000,"SOCIAL SCIENCE",117000
44104,"Singaporean",FALSE,22,NA,"B",1020,4.28,18000,"SOCIAL SCIENCE",113100
95517,"Singaporean",FALSE,21,NA,"A",1380,4.01,14000,"SOCIAL SCIENCE",65300
16141,"Foreign",FALSE,19,NA,NA,1410,3.68,18000,"HUMANITIES",142800
2710,"Singaporean",FALSE,18,NA,"B",1240,4.11,18000,"SCIENCE",350800
667,"Singaporean",TRUE,20,TRUE,"A",1280,3.67,22000,"SOCIAL SCIENCE",174100
41493,"Singaporean",FALSE,21,NA,"C",1020,4.14,18000,"HUMANITIES",160300
29584,"Singaporean",TRUE,20,FALSE,"B",1350,3.23,14000,"SOCIAL SCIENCE",88000
4915,"Foreign",TRUE,18,FALSE,NA,1210,3.3,14000,"SCIENCE",145800
46329,"Singaporean",FALSE,21,NA,"B",1020,3.26,14000,"SOCIAL SCIENCE",110100
71976,"Singaporean",FALSE,22,NA,"B",1390,3.27,18000,"HUMANITIES",202100
48800,"Singaporean",FALSE,20,NA,"B",1060,3.58,18000,"SCIENCE",184300
69309,"Foreign",FALSE,18,NA,NA,1130,3.51,10000,"SOCIAL SCIENCE",125900
56835,"Singaporean",FALSE,20,NA,"A",1480,4.71,18000,"SOCIAL SCIENCE",221800
77981,"Singaporean",FALSE,19,NA,"B",1350,3.68,18000,"HUMANITIES",53800
1075,"Singaporean",FALSE,18,NA,"A",1390,4.14,22000,"SCIENCE",406200
82805,"Singaporean",TRUE,18,TRUE,"B",1150,4.38,18000,"SOCIAL SCIENCE",52400
72746,"Singaporean",FALSE,21,NA,"B",1260,3.75,14000,"SCIENCE",211500
41694,"Singaporean",FALSE,21,NA,"B",1180,4.36,18000,"SOCIAL SCIENCE",79500
90204,"Singaporean",FALSE,22,NA,"B",1400,3.17,18000,"SOCIAL SCIENCE",82500
18622,"Singaporean",FALSE,21,NA,"B",1040,4.45,14000,"HUMANITIES",154600
70974,"Foreign",FALSE,19,NA,NA,1120,4.29,18000,"HUMANITIES",105400
86697,"Singaporean",TRUE,19,FALSE,"B",1440,4.66,22000,"HUMANITIES",86100
27083,"Foreign",FALSE,20,NA,NA,1130,3.86,14000,"SCIENCE",162200
63814,"Singaporean",TRUE,18,TRUE,"B",1320,5,18000,"SCIENCE",228300
34498,"Foreign",FALSE,20,NA,NA,1510,4.37,18000,"SCIENCE",83500
81476,"Singaporean",TRUE,18,FALSE,"A",1530,4.48,22000,"SOCIAL SCIENCE",58900
48936,"Singaporean",FALSE,20,NA,"C",1230,2.84,18000,"HUMANITIES",203600
75485,"Singaporean",FALSE,19,NA,"A",1360,3.76,14000,"SCIENCE",62300
77289,"Singaporean",TRUE,20,FALSE,"C",1200,3.77,18000,"HUMANITIES",157500
61169,"Singaporean",FALSE,19,NA,"A",1190,4.03,14000,"SCIENCE",125400
9225,"Singaporean",FALSE,19,NA,"B",1190,3.5,18000,"SCIENCE",75600
75336,"Foreign",FALSE,19,NA,NA,1070,4.46,14000,"SOCIAL SCIENCE",99800
60596,"Singaporean",TRUE,18,FALSE,"B",1350,4.16,22000,"SOCIAL SCIENCE",120500
75066,"Foreign",TRUE,19,FALSE,NA,1370,2.94,14000,"SCIENCE",128600
29682,"Singaporean",TRUE,18,FALSE,"A",1440,4.75,18000,"SOCIAL SCIENCE",47600
18299,"Singaporean",FALSE,20,NA,"A",1180,4.41,18000,"SOCIAL SCIENCE",64200
78729,"Foreign",FALSE,19,NA,NA,1160,3.71,14000,"SOCIAL SCIENCE",218200
13530,"Singaporean",TRUE,18,TRUE,"B",1090,3.73,14000,"HUMANITIES",84700
49925,"Singaporean",FALSE,20,NA,"A",1320,3.92,18000,"SOCIAL SCIENCE",126400
39337,"Foreign",FALSE,19,NA,NA,1440,3.91,22000,"SCIENCE",244200
61535,"Singaporean",FALSE,19,NA,"B",1330,3.89,18000,"SOCIAL SCIENCE",146200
2669,"Foreign",FALSE,18,NA,NA,1360,4.31,18000,"SOCIAL SCIENCE",179700
78589,"Singaporean",TRUE,18,FALSE,"A",1220,3.07,18000,"HUMANITIES",45700
57510,"Singaporean",FALSE,19,NA,"B",1330,3.89,22000,"HUMANITIES",115000
62423,"Singaporean",FALSE,20,NA,"B",1260,3.89,18000,"HUMANITIES",196400
84328,"Singaporean",FALSE,18,NA,"A",1480,3.76,22000,"SCIENCE",216600
52694,"Singaporean",TRUE,20,FALSE,"B",1360,4.03,18000,"SCIENCE",134800
52356,"Singaporean",FALSE,20,NA,"B",1080,3,10000,"HUMANITIES",51700
42610,"Singaporean",FALSE,21,NA,"A",1360,4.02,22000,"HUMANITIES",97300
98752,"Foreign",FALSE,20,NA,NA,1100,4.03,14000,"SOCIAL SCIENCE",147300
47443,"Singaporean",FALSE,20,NA,"A",1470,4.39,22000,"HUMANITIES",121300
84587,"Foreign",FALSE,18,NA,NA,1200,3.48,18000,"SOCIAL SCIENCE",348400
67466,"Singaporean",FALSE,22,NA,"B",1390,3.09,14000,"HUMANITIES",66200
11551,"Foreign",FALSE,19,NA,NA,1530,4.72,18000,"SCIENCE",65100
35263,"Foreign",TRUE,20,FALSE,NA,1290,4.11,22000,"SOCIAL SCIENCE",80100
58051,"Singaporean",FALSE,22,NA,"B",1180,4.01,18000,"HUMANITIES",195900
54232,"Singaporean",FALSE,24,NA,"C",1220,3.34,18000,"HUMANITIES",59500
50187,"Singaporean",FALSE,22,NA,"B",1050,3.38,14000,"SCIENCE",154900
54951,"Singaporean",FALSE,18,NA,"A",1540,5,18000,"SCIENCE",199700
10814,"Singaporean",FALSE,18,NA,"A",1520,4.26,22000,"SCIENCE",220600
35974,"Singaporean",FALSE,19,NA,"A",1310,4.38,18000,"SCIENCE",48300
62284,"Foreign",TRUE,19,FALSE,NA,980,3.84,18000,"SCIENCE",128600
12349,"Foreign",FALSE,20,NA,NA,1430,4.75,22000,"SOCIAL SCIENCE",62100
84623,"Singaporean",FALSE,18,NA,"A",1280,4.79,22000,"SOCIAL SCIENCE",220800
1604,"Foreign",TRUE,19,FALSE,NA,1320,3.51,22000,"SOCIAL SCIENCE",145800
26567,"Foreign",FALSE,19,NA,NA,1350,4.96,22000,"SCIENCE",51400
68056,"Foreign",FALSE,19,NA,NA,1370,3.83,18000,"SCIENCE",195800
79722,"Singaporean",FALSE,19,NA,"C",1170,3.25,14000,"HUMANITIES",78700
79558,"Singaporean",TRUE,18,TRUE,"C",1420,4.61,22000,"SOCIAL SCIENCE",62100
75951,"Foreign",FALSE,20,NA,NA,1060,3.59,14000,"SCIENCE",122200
78411,"Foreign",TRUE,19,FALSE,NA,1580,4.81,18000,"HUMANITIES",83400
29196,"Singaporean",TRUE,19,TRUE,"B",1010,3.59,14000,"HUMANITIES",48200
36168,"Singaporean",TRUE,20,TRUE,"B",1240,4.11,18000,"SOCIAL SCIENCE",98200
42021,"Foreign",FALSE,18,NA,NA,1410,4.45,22000,"SOCIAL SCIENCE",149300
16359,"Singaporean",FALSE,18,NA,"B",1240,3.78,14000,"SCIENCE",67100
16092,"Foreign",FALSE,19,NA,NA,1080,3.54,14000,"HUMANITIES",53400
32953,"Singaporean",FALSE,19,NA,"A",1450,5,22000,"SCIENCE",519700
11084,"Foreign",TRUE,18,FALSE,NA,1090,3.52,10000,"HUMANITIES",75200
53274,"Singaporean",TRUE,19,FALSE,"C",1340,3.87,18000,"SCIENCE",103200
94970,"Singaporean",TRUE,19,FALSE,"B",1500,3.87,18000,"SOCIAL SCIENCE",178900
57868,"Singaporean",FALSE,19,NA,"A",1160,3.51,14000,"SCIENCE",138100
76088,"Singaporean",TRUE,18,FALSE,"C",1230,3.56,18000,"HUMANITIES",154800
14748,"Singaporean",TRUE,21,FALSE,"B",1410,4.37,22000,"SCIENCE",106800
87649,"Foreign",FALSE,18,NA,NA,1420,3.58,22000,"HUMANITIES",155300
69546,"Foreign",FALSE,18,NA,NA,1100,3.47,14000,"HUMANITIES",80500
49706,"Foreign",FALSE,19,NA,NA,1100,4.14,14000,"SCIENCE",54700
31572,"Foreign",FALSE,19,NA,NA,1460,4.66,18000,"HUMANITIES",190500
27177,"Singaporean",FALSE,20,NA,"B",1470,4.66,18000,"SCIENCE",115100
53483,"Foreign",FALSE,19,NA,NA,1440,4.14,18000,"HUMANITIES",257400
75728,"Foreign",TRUE,18,FALSE,NA,1330,4.62,18000,"HUMANITIES",203300
54251,"Singaporean",TRUE,18,TRUE,"B",1450,4.59,18000,"SOCIAL SCIENCE",111600
14000,"Foreign",TRUE,20,TRUE,NA,1370,4.92,22000,"HUMANITIES",198300
1499,"Singaporean",FALSE,22,NA,"B",1330,4.27,18000,"SOCIAL SCIENCE",58300
52875,"Foreign",FALSE,18,NA,NA,1360,4.16,14000,"SOCIAL SCIENCE",242000
13906,"Foreign",FALSE,19,NA,NA,1380,5,14000,"SOCIAL SCIENCE",377600
2399,"Foreign",TRUE,20,TRUE,NA,1010,3.81,10000,"HUMANITIES",69500
74878,"Singaporean",FALSE,19,NA,"B",1170,3.62,18000,"HUMANITIES",272200
52416,"Foreign",FALSE,20,NA,NA,1510,4.59,22000,"HUMANITIES",246400
7527,"Singaporean",FALSE,22,NA,"B",1110,3.8,10000,"SCIENCE",91500
87204,"Singaporean",FALSE,18,NA,"B",1440,4.17,18000,"SCIENCE",190200
31691,"Foreign",FALSE,18,NA,NA,1330,4.53,14000,"SOCIAL SCIENCE",49800
90805,"Singaporean",FALSE,20,NA,"B",1450,3.68,22000,"SOCIAL SCIENCE",115800
57729,"Singaporean",FALSE,19,NA,"A",1100,3.18,10000,"HUMANITIES",84000
75754,"Singaporean",FALSE,21,NA,"A",1570,4.36,18000,"HUMANITIES",97600
25245,"Singaporean",TRUE,21,TRUE,"B",1250,2.76,18000,"HUMANITIES",131700
43061,"Singaporean",FALSE,20,NA,"A",1400,3.52,18000,"SOCIAL SCIENCE",64500
54524,"Singaporean",FALSE,18,NA,"B",1450,3.63,22000,"SCIENCE",78200
3816,"Singaporean",FALSE,22,NA,"B",1000,4.21,14000,"SOCIAL SCIENCE",143000
37343,"Foreign",FALSE,19,NA,NA,1250,3.52,18000,"SCIENCE",109900
60704,"Singaporean",FALSE,20,NA,"B",1440,4.77,18000,"SCIENCE",53800
94817,"Singaporean",FALSE,21,NA,"A",1350,2.99,18000,"SCIENCE",288700
34051,"Singaporean",TRUE,20,FALSE,"A",1400,4.26,18000,"HUMANITIES",69100
7097,"Singaporean",FALSE,20,NA,"B",1090,3.47,18000,"HUMANITIES",104600
95515,"Singaporean",FALSE,20,NA,"B",1260,3.2,18000,"HUMANITIES",402600
63973,"Singaporean",FALSE,22,NA,"B",1490,4.26,22000,"SCIENCE",54700
24172,"Foreign",FALSE,19,NA,NA,1080,4.25,14000,"SCIENCE",174200
19733,"Singaporean",FALSE,19,NA,"A",1250,4.21,18000,"SCIENCE",76100
51643,"Singaporean",FALSE,18,NA,"A",1540,4.57,23000,"SOCIAL SCIENCE",254400
79234,"Foreign",FALSE,18,NA,NA,1470,3.87,18000,"SOCIAL SCIENCE",188900
83785,"Singaporean",FALSE,20,NA,"B",1020,4.94,14000,"SOCIAL SCIENCE",52600
76473,"Singaporean",FALSE,20,NA,"B",1080,3.46,14000,"HUMANITIES",62500
32487,"Foreign",FALSE,18,NA,NA,1180,4.11,14000,"SOCIAL SCIENCE",70200
53476,"Foreign",FALSE,18,NA,NA,1070,4.21,14000,"SCIENCE",71900
71405,"Foreign",FALSE,19,NA,NA,1370,3.85,22000,"HUMANITIES",259200
15551,"Singaporean",FALSE,18,NA,"B",1330,3.76,14000,"SCIENCE",47200
5104,"Singaporean",FALSE,20,NA,"B",1150,3.63,18000,"SOCIAL SCIENCE",153500
17955,"Singaporean",FALSE,22,NA,"B",1310,4.64,18000,"HUMANITIES",147200
3879,"Foreign",FALSE,20,NA,NA,1450,4.35,22000,"SOCIAL SCIENCE",131500
92151,"Foreign",FALSE,18,NA,NA,1140,5,14000,"SCIENCE",63500
60327,"Singaporean",FALSE,19,NA,"B",1250,3.12,18000,"SOCIAL SCIENCE",66800
59772,"Singaporean",TRUE,19,TRUE,"A",1390,3.61,22000,"HUMANITIES",332000
28330,"Singaporean",FALSE,20,NA,"B",1480,3.46,18000,"SCIENCE",96400
8979,"Singaporean",FALSE,20,NA,"B",1130,2.76,14000,"SCIENCE",339300
42647,"Singaporean",FALSE,19,NA,"A",1520,4.19,22000,"HUMANITIES",68400
76230,"Singaporean",FALSE,22,NA,"A",1480,3.9,18000,"SOCIAL SCIENCE",156600
76898,"Foreign",FALSE,19,NA,NA,1270,4.21,18000,"SOCIAL SCIENCE",48500
86419,"Foreign",FALSE,20,NA,NA,1350,3.97,18000,"SCIENCE",83600
74364,"Singaporean",TRUE,19,TRUE,"A",1540,3.37,18000,"SOCIAL SCIENCE",113200
27868,"Singaporean",FALSE,20,NA,"B",1270,4.48,18000,"SOCIAL SCIENCE",88100
33293,"Foreign",FALSE,19,NA,NA,1450,4.5,18000,"SOCIAL SCIENCE",86500
11144,"Singaporean",FALSE,20,NA,"B",1350,3.68,18000,"SOCIAL SCIENCE",464700
71531,"Singaporean",TRUE,21,FALSE,"A",1210,3.3,14000,"SCIENCE",46500
29637,"Foreign",TRUE,18,FALSE,NA,1410,4.25,18000,"SCIENCE",103800
23031,"Singaporean",FALSE,19,NA,"A",1240,4,18000,"SCIENCE",64300
18929,"Singaporean",FALSE,21,NA,"A",1530,4.03,22000,"HUMANITIES",51400
43174,"Singaporean",FALSE,18,NA,"B",1390,3.91,14000,"SCIENCE",47000
28597,"Singaporean",TRUE,21,FALSE,"A",1520,3.82,22000,"SCIENCE",154000
45995,"Foreign",TRUE,20,TRUE,NA,1430,4.38,22000,"HUMANITIES",76800
72896,"Singaporean",FALSE,21,NA,"B",1330,3.71,14000,"SCIENCE",79000
92024,"Foreign",TRUE,18,TRUE,NA,1440,4.69,18000,"SOCIAL SCIENCE",70600
29944,"Foreign",FALSE,18,NA,NA,1190,4.21,18000,"SOCIAL SCIENCE",261900
88941,"Singaporean",FALSE,21,NA,"A",1150,2.85,14000,"SOCIAL SCIENCE",120600
46000,"Singaporean",FALSE,19,NA,"B",1240,4.78,18000,"HUMANITIES",152600
63351,"Foreign",FALSE,21,NA,NA,1340,3.99,18000,"SCIENCE",326500
88405,"Foreign",FALSE,19,NA,NA,1080,2.87,10000,"HUMANITIES",203100
22395,"Singaporean",FALSE,18,NA,"B",1150,3.01,14000,"HUMANITIES",264300
9225,"Singaporean",TRUE,18,TRUE,"B",1370,3.63,18000,"SOCIAL SCIENCE",126600
81215,"Foreign",TRUE,19,TRUE,NA,1240,3.65,14000,"HUMANITIES",65000
66209,"Singaporean",FALSE,20,NA,"B",1110,3.79,14000,"SOCIAL SCIENCE",63300
56648,"Singaporean",FALSE,19,NA,"B",1100,3.41,18000,"HUMANITIES",340700
24249,"Singaporean",FALSE,20,NA,"B",1150,4.01,18000,"SCIENCE",94600
50993,"Singaporean",FALSE,20,NA,"A",1220,3.82,18000,"SOCIAL SCIENCE",79400
33033,"Singaporean",FALSE,20,NA,"C",1130,3.08,14000,"SOCIAL SCIENCE",213300
69237,"Singaporean",FALSE,18,NA,"A",1570,4.55,18000,"SCIENCE",143500
60318,"Singaporean",FALSE,18,NA,"B",1170,3.03,18000,"HUMANITIES",103200
51345,"Singaporean",FALSE,18,NA,"A",1550,4.93,18000,"HUMANITIES",134600
88656,"Foreign",TRUE,19,FALSE,NA,1570,4.6,23000,"SOCIAL SCIENCE",137000
68102,"Singaporean",FALSE,18,NA,"C",1230,3.61,14000,"SCIENCE",119200
29375,"Foreign",TRUE,18,TRUE,NA,1280,3.8,18000,"HUMANITIES",89600
95960,"Singaporean",FALSE,18,NA,"B",1120,4.48,18000,"SCIENCE",197700
72997,"Singaporean",FALSE,21,NA,"A",1510,4.3,18000,"HUMANITIES",153400
3724,"Foreign",FALSE,18,NA,NA,1570,3.87,18000,"SOCIAL SCIENCE",69200
23073,"Foreign",FALSE,19,NA,NA,1360,4.1,14000,"SCIENCE",110000
60674,"Singaporean",FALSE,20,NA,"C",1170,4.13,14000,"SOCIAL SCIENCE",188400
25897,"Singaporean",FALSE,21,NA,"A",1250,4.08,18000,"SOCIAL SCIENCE",110400
40717,"Foreign",FALSE,19,NA,NA,1320,4.18,18000,"SCIENCE",163700
41552,"Singaporean",FALSE,18,NA,"B",1280,2.75,18000,"HUMANITIES",83100
30740,"Singaporean",FALSE,20,NA,"A",1150,2.72,14000,"SCIENCE",69300
38408,"Singaporean",FALSE,19,NA,"A",1530,4.99,22000,"SCIENCE",65200
63703,"Singaporean",FALSE,20,NA,"A",1310,4.04,18000,"SOCIAL SCIENCE",135600
70082,"Foreign",TRUE,19,TRUE,NA,1460,3.77,14000,"HUMANITIES",326000
1574,"Singaporean",FALSE,19,NA,"A",1240,3.9,14000,"HUMANITIES",150000
16900,"Singaporean",TRUE,21,TRUE,"B",1290,3.33,18000,"SCIENCE",65100
37378,"Foreign",FALSE,19,NA,NA,1080,4.62,14000,"SCIENCE",77000
23095,"Singaporean",FALSE,21,NA,"B",1200,4.06,18000,"SCIENCE",79400
93269,"Foreign",FALSE,18,NA,NA,1380,4.1,18000,"SOCIAL SCIENCE",413200
11811,"Foreign",FALSE,19,NA,NA,1090,3.47,14000,"HUMANITIES",58600
31965,"Singaporean",FALSE,20,NA,"A",1410,4.42,22000,"SCIENCE",67700
65078,"Foreign",FALSE,19,NA,NA,1370,4.17,14000,"SOCIAL SCIENCE",64600
5131,"Singaporean",FALSE,21,NA,"B",1280,3.19,22000,"SCIENCE",124800
956,"Singaporean",FALSE,21,NA,"B",1240,4.62,18000,"SOCIAL SCIENCE",354900
29525,"Foreign",FALSE,19,NA,NA,1450,4.33,14000,"SCIENCE",89000
49703,"Singaporean",TRUE,20,TRUE,"A",1450,4.18,22000,"HUMANITIES",112800
361,"Foreign",FALSE,19,NA,NA,1040,3.71,14000,"SCIENCE",84800
54296,"Singaporean",FALSE,21,NA,"A",1120,2.66,18000,"SOCIAL SCIENCE",233400
5992,"Foreign",FALSE,19,NA,NA,1150,4.46,14000,"SOCIAL SCIENCE",163800
79655,"Singaporean",TRUE,19,FALSE,"B",1410,2.55,22000,"SCIENCE",47300
29868,"Singaporean",FALSE,18,NA,"C",1370,3.23,14000,"SCIENCE",113100
22558,"Foreign",FALSE,19,NA,NA,1220,3.26,14000,"SCIENCE",75000
63432,"Singaporean",TRUE,19,FALSE,"A",1220,3.17,18000,"HUMANITIES",175400
41193,"Singaporean",TRUE,19,FALSE,"A",1380,3.49,18000,"HUMANITIES",66800
25684,"Singaporean",FALSE,21,NA,"A",1420,3.55,18000,"SOCIAL SCIENCE",311900
21437,"Singaporean",FALSE,21,NA,"A",1280,2.85,14000,"SOCIAL SCIENCE",112400
72162,"Singaporean",FALSE,21,NA,"B",1380,4.69,22000,"HUMANITIES",105900
17718,"Foreign",FALSE,18,NA,NA,1540,4.09,22000,"HUMANITIES",83300
8528,"Foreign",FALSE,20,NA,NA,1330,3.6,18000,"SOCIAL SCIENCE",264100
47772,"Foreign",FALSE,20,NA,NA,1500,3.25,18000,"SOCIAL SCIENCE",79100
36141,"Foreign",TRUE,19,FALSE,NA,1400,3.63,18000,"SOCIAL SCIENCE",62700
73780,"Foreign",FALSE,18,NA,NA,1200,3.86,14000,"SCIENCE",292600
916,"Singaporean",TRUE,20,TRUE,"A",1390,5,18000,"SOCIAL SCIENCE",92700
94156,"Singaporean",TRUE,18,FALSE,"A",1250,3.75,14000,"SOCIAL SCIENCE",93400
22383,"Singaporean",FALSE,21,NA,"A",1530,4.01,18000,"SCIENCE",140200
67163,"Singaporean",FALSE,22,NA,"A",1390,4.15,18000,"SOCIAL SCIENCE",77300
21096,"Singaporean",TRUE,21,TRUE,"B",1410,4.51,18000,"SOCIAL SCIENCE",53800
92342,"Foreign",FALSE,19,NA,NA,1360,3.08,14000,"SOCIAL SCIENCE",393100
47140,"Singaporean",FALSE,21,NA,"C",1420,4.44,22000,"SCIENCE",85400
57541,"Singaporean",TRUE,18,FALSE,"C",970,4.27,18000,"SOCIAL SCIENCE",58800
12185,"Foreign",FALSE,18,NA,NA,1190,4.43,14000,"SOCIAL SCIENCE",388000
45885,"Foreign",FALSE,19,NA,NA,1340,4.4,22000,"HUMANITIES",61700
40764,"Foreign",FALSE,20,NA,NA,1140,3.39,18000,"HUMANITIES",50500
84897,"Singaporean",FALSE,23,NA,"C",1110,4.37,14000,"SOCIAL SCIENCE",266600
57963,"Foreign",FALSE,18,NA,NA,1180,3.42,18000,"HUMANITIES",67100
55487,"Singaporean",FALSE,21,NA,"A",1350,3.9,14000,"HUMANITIES",69700
95502,"Singaporean",FALSE,21,NA,"A",1560,4.82,22000,"SOCIAL SCIENCE",46100
3155,"Singaporean",FALSE,20,NA,"B",1120,3.73,18000,"SOCIAL SCIENCE",102500
33265,"Singaporean",FALSE,18,NA,"A",1500,3.93,18000,"SOCIAL SCIENCE",77200
55180,"Singaporean",FALSE,18,NA,"A",1220,4.03,18000,"HUMANITIES",389300
70045,"Singaporean",FALSE,20,NA,"A",1440,4.33,18000,"HUMANITIES",204500
84675,"Singaporean",TRUE,19,FALSE,"A",1260,3.19,14000,"SOCIAL SCIENCE",272700
84580,"Singaporean",FALSE,20,NA,"A",1490,3.49,18000,"SCIENCE",153700
87304,"Singaporean",FALSE,18,NA,"B",1470,4.09,18000,"SCIENCE",51700
73159,"Foreign",FALSE,19,NA,NA,1140,3.8,14000,"SOCIAL SCIENCE",65000
88390,"Foreign",TRUE,19,FALSE,NA,1110,2.81,10000,"HUMANITIES",165800
5268,"Singaporean",TRUE,18,FALSE,"A",1350,3.95,14000,"SCIENCE",126200
27453,"Foreign",FALSE,18,NA,NA,1420,4.05,14000,"HUMANITIES",605600
66761,"Foreign",FALSE,19,NA,NA,1050,4.01,14000,"SCIENCE",179900
45845,"Singaporean",FALSE,18,NA,"A",1110,3.42,14000,"HUMANITIES",117400
12444,"Foreign",FALSE,19,NA,NA,1080,3.86,18000,"HUMANITIES",70000
66062,"Singaporean",FALSE,19,NA,"A",1220,3.64,14000,"SOCIAL SCIENCE",136200
80610,"Singaporean",FALSE,19,NA,"A",1300,3.4,14000,"SCIENCE",178200
60478,"Singaporean",FALSE,21,NA,"B",1420,4.96,18000,"HUMANITIES",221400
53936,"Singaporean",FALSE,20,NA,"B",1450,4.55,22000,"HUMANITIES",355100
30893,"Foreign",FALSE,18,NA,NA,1480,5,22000,"SCIENCE",94700
75871,"Singaporean",FALSE,19,NA,"A",1390,4.67,18000,"HUMANITIES",136200
90479,"Singaporean",FALSE,19,NA,"B",1430,3.56,18000,"SCIENCE",213000
34140,"Singaporean",TRUE,18,TRUE,"A",1560,4.9,18000,"SOCIAL SCIENCE",310200
67391,"Singaporean",TRUE,19,FALSE,"C",1440,4.12,22000,"SOCIAL SCIENCE",55000
70136,"Foreign",FALSE,19,NA,NA,1260,3.78,18000,"HUMANITIES",48900
38977,"Singaporean",FALSE,21,NA,"B",1230,4.38,14000,"SOCIAL SCIENCE",88800
40944,"Singaporean",FALSE,20,NA,"B",1220,3.05,14000,"SOCIAL SCIENCE",175400
73505,"Foreign",TRUE,18,FALSE,NA,1300,4.19,22000,"SCIENCE",66700
92245,"Singaporean",FALSE,19,NA,"B",1140,3.54,18000,"HUMANITIES",63700
27135,"Singaporean",FALSE,18,NA,"A",1110,3.46,10000,"HUMANITIES",48100
85403,"Foreign",FALSE,19,NA,NA,1160,3.64,18000,"SOCIAL SCIENCE",554700
56912,"Singaporean",FALSE,20,NA,"B",1010,3.48,14000,"SOCIAL SCIENCE",195000
83267,"Foreign",FALSE,18,NA,NA,1400,3.61,14000,"SOCIAL SCIENCE",76500
27162,"Singaporean",FALSE,20,NA,"A",1310,3.89,14000,"SOCIAL SCIENCE",139300
23760,"Singaporean",FALSE,21,NA,"A",1210,3.96,18000,"SOCIAL SCIENCE",85600
54530,"Singaporean",FALSE,19,NA,"A",1320,3.68,18000,"HUMANITIES",167600
51837,"Singaporean",FALSE,20,NA,"B",1460,4.35,18000,"SOCIAL SCIENCE",82700
47616,"Singaporean",FALSE,18,NA,"A",1580,3.94,18000,"HUMANITIES",119900
32939,"Foreign",FALSE,18,NA,NA,1320,4.45,14000,"SCIENCE",101600
39484,"Singaporean",FALSE,23,NA,"B",1400,4.99,18000,"SCIENCE",96100
15909,"Foreign",FALSE,20,NA,NA,1270,3.67,14000,"HUMANITIES",59200
42123,"Singaporean",FALSE,19,NA,"A",1480,4.14,22000,"SCIENCE",164000
33661,"Singaporean",FALSE,19,NA,"B",1280,4.36,14000,"SCIENCE",87200
77181,"Singaporean",FALSE,21,NA,"A",1590,4.03,18000,"SCIENCE",132900
45868,"Foreign",FALSE,19,NA,NA,1350,4.18,18000,"SOCIAL SCIENCE",95800
66654,"Singaporean",FALSE,18,NA,"A",1270,3.4,18000,"HUMANITIES",275000
75621,"Foreign",FALSE,19,NA,NA,1000,4.1,10000,"HUMANITIES",133100
77027,"Singaporean",FALSE,22,NA,"B",1200,3.34,14000,"SOCIAL SCIENCE",86300
74623,"Singaporean",FALSE,19,NA,"A",1110,3.56,14000,"SOCIAL SCIENCE",53900
5053,"Foreign",FALSE,18,NA,NA,1550,4.95,18000,"SCIENCE",92300
93572,"Singaporean",FALSE,19,NA,"A",1430,4.13,22000,"HUMANITIES",68000
599,"Foreign",FALSE,19,NA,NA,1060,3.93,10000,"SOCIAL SCIENCE",95600
79983,"Singaporean",TRUE,21,TRUE,"B",1080,3.51,10000,"HUMANITIES",132400
11965,"Foreign",FALSE,19,NA,NA,1100,4.06,14000,"HUMANITIES",258900
81454,"Singaporean",TRUE,18,TRUE,"A",1300,4.86,18000,"HUMANITIES",209800
7113,"Singaporean",FALSE,19,NA,"A",1350,3.8,18000,"SOCIAL SCIENCE",57200
85024,"Foreign",FALSE,18,NA,NA,1450,4.2,18000,"SCIENCE",107400
77893,"Singaporean",FALSE,19,NA,"B",1100,4.13,18000,"SOCIAL SCIENCE",83900
51162,"Singaporean",TRUE,19,TRUE,"A",1420,3.44,18000,"SCIENCE",111800
10364,"Foreign",FALSE,19,NA,NA,1100,2.94,10000,"HUMANITIES",162400
20519,"Singaporean",FALSE,23,NA,"A",1100,3.46,18000,"SCIENCE",55300
48689,"Foreign",FALSE,20,NA,NA,1110,4.6,14000,"SCIENCE",64200
19958,"Singaporean",FALSE,18,NA,"B",1160,3.28,14000,"SOCIAL SCIENCE",96900
6989,"Foreign",FALSE,19,NA,NA,1480,3.03,22000,"HUMANITIES",110600
97460,"Foreign",FALSE,18,NA,NA,1130,3.68,14000,"SOCIAL SCIENCE",124300
11934,"Singaporean",TRUE,22,FALSE,"B",1100,3.15,14000,"HUMANITIES",116600
92271,"Foreign",FALSE,19,NA,NA,1340,4.21,18000,"HUMANITIES",212300
14694,"Foreign",TRUE,19,FALSE,NA,1230,3.91,18000,"SCIENCE",69600
91894,"Foreign",FALSE,19,NA,NA,1360,4.06,18000,"SOCIAL SCIENCE",101400
43410,"Foreign",FALSE,20,NA,NA,1320,3.41,22000,"SOCIAL SCIENCE",135300
14524,"Singaporean",TRUE,22,FALSE,"B",1350,4.11,14000,"SOCIAL SCIENCE",447600
689,"Singaporean",FALSE,20,NA,"C",1430,4.68,18000,"HUMANITIES",69200
20531,"Singaporean",FALSE,22,NA,"B",1420,5,22000,"SOCIAL SCIENCE",86300
4539,"Foreign",FALSE,19,NA,NA,1340,3.85,18000,"SOCIAL SCIENCE",68300
9838,"Singaporean",FALSE,21,NA,"B",1370,3.95,18000,"HUMANITIES",278800
76335,"Singaporean",TRUE,20,TRUE,"A",1510,4.61,22000,"HUMANITIES",89100
75279,"Singaporean",FALSE,22,NA,"B",1030,4.03,14000,"HUMANITIES",115500
13490,"Foreign",FALSE,18,NA,NA,1250,4.04,22000,"HUMANITIES",142800
8326,"Singaporean",TRUE,20,FALSE,"A",1230,4.29,22000,"HUMANITIES",97500
83649,"Foreign",TRUE,19,FALSE,NA,1420,4.81,22000,"SOCIAL SCIENCE",54600
57268,"Singaporean",FALSE,20,NA,"C",1390,4.69,22000,"SOCIAL SCIENCE",88100
37028,"Singaporean",TRUE,19,TRUE,"A",1550,4.67,22000,"SCIENCE",149500
24934,"Foreign",FALSE,19,NA,NA,1450,3.82,22000,"HUMANITIES",194800
42829,"Singaporean",FALSE,19,NA,"A",1190,3.09,10000,"SCIENCE",101400
40665,"Foreign",FALSE,19,NA,NA,1460,4.92,18000,"SOCIAL SCIENCE",76900
48064,"Singaporean",FALSE,20,NA,"A",1140,3.51,14000,"SCIENCE",603700
87084,"Singaporean",FALSE,20,NA,"A",1210,4.67,18000,"HUMANITIES",85100
4681,"Singaporean",FALSE,20,NA,"B",1240,3.12,18000,"HUMANITIES",49100
91433,"Foreign",TRUE,19,FALSE,NA,1360,3.45,18000,"SCIENCE",246600
10961,"Singaporean",FALSE,21,NA,"A",1140,3.55,18000,"SOCIAL SCIENCE",52400
93734,"Foreign",FALSE,19,NA,NA,1110,3.72,18000,"HUMANITIES",69900
55744,"Foreign",TRUE,20,TRUE,NA,1180,3.57,18000,"SCIENCE",168700
66425,"Foreign",FALSE,18,NA,NA,1260,3.77,14000,"SOCIAL SCIENCE",349600
7328,"Singaporean",FALSE,21,NA,"B",1000,4.84,18000,"HUMANITIES",164200
70904,"Singaporean",FALSE,21,NA,"A",1280,3.88,18000,"HUMANITIES",185200
85988,"Singaporean",FALSE,20,NA,"A",1230,4.86,14000,"HUMANITIES",132000
66800,"Foreign",FALSE,18,NA,NA,1090,3.65,14000,"SOCIAL SCIENCE",141900
16131,"Singaporean",TRUE,18,TRUE,"A",1500,3.73,18000,"SCIENCE",263200
51352,"Foreign",FALSE,19,NA,NA,1000,4.09,18000,"HUMANITIES",109900
52963,"Singaporean",FALSE,22,NA,"B",1130,3.43,14000,"SCIENCE",181700
92849,"Foreign",FALSE,19,NA,NA,1090,4.08,18000,"SOCIAL SCIENCE",135700
85041,"Foreign",FALSE,18,NA,NA,1360,3.57,22000,"SCIENCE",143600
74826,"Foreign",TRUE,20,TRUE,NA,1460,5,22000,"HUMANITIES",301400
36190,"Foreign",FALSE,18,NA,NA,1400,3.68,14000,"SOCIAL SCIENCE",117800
45600,"Singaporean",FALSE,21,NA,"A",1510,5,22000,"SCIENCE",159800
32505,"Singaporean",FALSE,18,NA,"C",1040,3.14,18000,"HUMANITIES",269400
4093,"Foreign",FALSE,19,NA,NA,1150,3.76,18000,"HUMANITIES",84900
33153,"Singaporean",FALSE,21,NA,"A",1450,4.79,22000,"SOCIAL SCIENCE",69900
43025,"Foreign",FALSE,18,NA,NA,1220,4.76,18000,"SCIENCE",146000
22035,"Singaporean",FALSE,20,NA,"B",1230,3.9,14000,"SOCIAL SCIENCE",101100
23624,"Singaporean",FALSE,20,NA,"B",1270,3.52,14000,"HUMANITIES",104400
70613,"Foreign",FALSE,18,NA,NA,1340,2.74,18000,"SCIENCE",135600
86086,"Foreign",FALSE,19,NA,NA,1250,4.06,18000,"SOCIAL SCIENCE",73100
18980,"Foreign",FALSE,19,NA,NA,1210,3.39,14000,"HUMANITIES",107700
27297,"Singaporean",FALSE,21,NA,"B",1330,4.44,18000,"HUMANITIES",56400
4019,"Singaporean",TRUE,18,FALSE,"A",1120,3.73,18000,"SCIENCE",267700
50343,"Singaporean",FALSE,21,NA,"A",1350,3.86,22000,"SOCIAL SCIENCE",115300
85607,"Singaporean",FALSE,21,NA,"B",1250,4.2,18000,"SOCIAL SCIENCE",93200
8142,"Foreign",FALSE,18,NA,NA,1270,3.98,14000,"SCIENCE",196000
43125,"Foreign",FALSE,18,NA,NA,1340,4.06,18000,"SCIENCE",98100
58144,"Singaporean",TRUE,18,TRUE,"A",1270,4.37,14000,"HUMANITIES",407900
13712,"Singaporean",FALSE,21,NA,"A",1250,3.37,14000,"SOCIAL SCIENCE",268600
41763,"Singaporean",TRUE,18,FALSE,"B",1140,3.96,14000,"SOCIAL SCIENCE",56000
58652,"Singaporean",FALSE,20,NA,"B",1030,4.57,14000,"SOCIAL SCIENCE",368900
44470,"Singaporean",TRUE,19,FALSE,"B",1120,4.18,14000,"HUMANITIES",127000
95652,"Singaporean",FALSE,18,NA,"A",1280,3.4,14000,"SCIENCE",371100
97791,"Singaporean",FALSE,21,NA,"B",1200,3.69,18000,"SCIENCE",174000
28599,"Singaporean",TRUE,21,FALSE,"B",1110,4.83,18000,"SCIENCE",113600
69435,"Singaporean",FALSE,21,NA,"B",1430,4.64,22000,"SOCIAL SCIENCE",291200
47316,"Foreign",TRUE,19,FALSE,NA,1040,4.28,14000,"SCIENCE",49200
94377,"Foreign",FALSE,18,NA,NA,1470,4.2,18000,"SCIENCE",114400
91812,"Foreign",TRUE,19,FALSE,NA,1520,4.74,23000,"SCIENCE",127800
66024,"Foreign",FALSE,19,NA,NA,1340,3.35,18000,"SCIENCE",205900
82953,"Foreign",FALSE,19,NA,NA,1430,4.47,18000,"SOCIAL SCIENCE",68400
83440,"Foreign",TRUE,19,FALSE,NA,1440,4,18000,"HUMANITIES",180700
76125,"Singaporean",TRUE,21,TRUE,"B",1090,3.69,10000,"HUMANITIES",104800
46763,"Singaporean",TRUE,20,TRUE,"B",1280,4.04,18000,"SCIENCE",306500
78095,"Singaporean",FALSE,22,NA,"B",1430,4.82,18000,"HUMANITIES",47000
59785,"Singaporean",FALSE,22,NA,"A",1240,5,18000,"HUMANITIES",253100
75888,"Singaporean",FALSE,22,NA,"A",1500,4.21,22000,"HUMANITIES",63900
60207,"Foreign",FALSE,19,NA,NA,1300,3.89,22000,"SCIENCE",45500
40407,"Singaporean",FALSE,20,NA,"B",1100,3.14,14000,"SCIENCE",61000
2878,"Singaporean",FALSE,22,NA,"A",1410,4.3,22000,"SOCIAL SCIENCE",145800
76326,"Singaporean",FALSE,22,NA,"A",1170,2.81,14000,"HUMANITIES",51400
53405,"Foreign",FALSE,18,NA,NA,1340,3.89,18000,"SOCIAL SCIENCE",76200
95315,"Foreign",FALSE,18,NA,NA,1320,3.13,14000,"SCIENCE",66700
92092,"Singaporean",FALSE,19,NA,"B",1300,3.79,18000,"HUMANITIES",64100
5867,"Singaporean",FALSE,20,NA,"B",1320,3.95,18000,"HUMANITIES",137100
62734,"Foreign",FALSE,19,NA,NA,1180,4.26,14000,"SCIENCE",94900
8635,"Foreign",FALSE,19,NA,NA,1470,4.08,22000,"SOCIAL SCIENCE",48100
49319,"Singaporean",FALSE,20,NA,"A",1330,3.42,14000,"SOCIAL SCIENCE",88600
91348,"Singaporean",TRUE,19,TRUE,"B",1150,4.25,18000,"SCIENCE",105900
36047,"Foreign",FALSE,18,NA,NA,1510,3.61,22000,"SCIENCE",121400
82982,"Foreign",FALSE,19,NA,NA,1380,4.92,18000,"SCIENCE",66300
24391,"Singaporean",FALSE,18,NA,"B",1250,4.12,18000,"SOCIAL SCIENCE",63600
29398,"Singaporean",FALSE,18,NA,"B",1180,3.33,14000,"SOCIAL SCIENCE",66800
53667,"Singaporean",FALSE,21,NA,"B",1270,3.63,14000,"SOCIAL SCIENCE",227500
57235,"Singaporean",FALSE,21,NA,"B",1400,3.74,22000,"SCIENCE",513600
20353,"Singaporean",FALSE,20,NA,"C",1140,3.94,18000,"SOCIAL SCIENCE",191200
68367,"Singaporean",FALSE,18,NA,"B",1440,4.33,14000,"SOCIAL SCIENCE",128400
69299,"Singaporean",FALSE,20,NA,"C",950,4.59,18000,"SCIENCE",247100
67977,"Singaporean",FALSE,19,NA,"A",1270,4.14,18000,"SCIENCE",61800
28318,"Foreign",FALSE,18,NA,NA,1470,3.69,22000,"SOCIAL SCIENCE",187100
96005,"Singaporean",FALSE,21,NA,"B",1240,4.07,22000,"HUMANITIES",109100
22567,"Foreign",TRUE,18,TRUE,NA,1200,4.55,18000,"SCIENCE",129100
13072,"Foreign",FALSE,19,NA,NA,1130,4.22,18000,"SOCIAL SCIENCE",106600
10802,"Singaporean",FALSE,21,NA,"A",1170,2.75,18000,"SCIENCE",67200
4743,"Singaporean",TRUE,19,FALSE,"B",1190,3.86,14000,"SCIENCE",79500
17600,"Singaporean",FALSE,19,NA,"B",1120,3.55,18000,"SOCIAL SCIENCE",104200
12216,"Singaporean",TRUE,19,FALSE,"B",1110,3.63,14000,"HUMANITIES",50400
30122,"Singaporean",TRUE,19,TRUE,"B",1170,3.63,14000,"SCIENCE",271800
44921,"Singaporean",TRUE,18,FALSE,"B",1240,3.37,18000,"SOCIAL SCIENCE",156200
37516,"Singaporean",FALSE,21,NA,"A",1410,4.65,18000,"SCIENCE",51400
36718,"Singaporean",TRUE,20,FALSE,"B",1410,3.87,22000,"SOCIAL SCIENCE",63400
48319,"Foreign",FALSE,20,NA,NA,1050,4.61,18000,"SOCIAL SCIENCE",83900
66798,"Singaporean",TRUE,19,TRUE,"B",1470,4.49,22000,"HUMANITIES",96000
17676,"Foreign",FALSE,18,NA,NA,1260,3.88,14000,"SOCIAL SCIENCE",68600
19533,"Foreign",FALSE,22,NA,NA,1210,3.86,18000,"SCIENCE",49300
79598,"Singaporean",FALSE,20,NA,"A",1430,3.72,14000,"HUMANITIES",99700
83912,"Foreign",FALSE,18,NA,NA,1500,4.24,22000,"HUMANITIES",73500
83577,"Singaporean",FALSE,22,NA,"B",1330,2.99,18000,"SOCIAL SCIENCE",367100
63451,"Singaporean",TRUE,18,TRUE,"A",1290,4.1,18000,"SOCIAL SCIENCE",145300
33374,"Singaporean",FALSE,22,NA,"A",1270,4.69,18000,"SOCIAL SCIENCE",77800
85878,"Foreign",TRUE,19,FALSE,NA,1500,3.99,14000,"SCIENCE",151600
20074,"Singaporean",FALSE,20,NA,"B",1050,3.38,10000,"SOCIAL SCIENCE",64700
28937,"Foreign",FALSE,21,NA,NA,1140,2.59,14000,"SCIENCE",188000
83561,"Foreign",FALSE,18,NA,NA,1270,3.73,14000,"SOCIAL SCIENCE",91300
27568,"Foreign",FALSE,18,NA,NA,1500,5,18000,"SCIENCE",224200
71984,"Singaporean",TRUE,18,FALSE,"C",1240,4.11,18000,"SCIENCE",73300
17651,"Singaporean",TRUE,18,FALSE,"C",1310,3.37,18000,"SCIENCE",48300
97813,"Foreign",TRUE,21,FALSE,NA,1100,3.24,18000,"HUMANITIES",73700
38649,"Foreign",FALSE,20,NA,NA,1100,3.83,14000,"SCIENCE",82200
88958,"Singaporean",FALSE,19,NA,"B",1350,4.54,18000,"SOCIAL SCIENCE",115700
18311,"Foreign",FALSE,19,NA,NA,1500,3.83,22000,"SOCIAL SCIENCE",476400
73806,"Singaporean",TRUE,19,TRUE,"A",1310,4.05,22000,"SCIENCE",66100
41872,"Singaporean",FALSE,23,NA,"A",1560,5,18000,"SCIENCE",52200
44494,"Singaporean",TRUE,18,FALSE,"A",1550,4.76,22000,"SCIENCE",125000
8161,"Singaporean",FALSE,20,NA,"B",1310,4.43,18000,"SCIENCE",87100
73311,"Singaporean",TRUE,18,TRUE,"B",1020,3.18,14000,"SOCIAL SCIENCE",157700
25481,"Singaporean",FALSE,20,NA,"A",1190,3.83,18000,"HUMANITIES",101700
26235,"Singaporean",TRUE,19,TRUE,"C",1110,4.03,14000,"HUMANITIES",45200
45779,"Singaporean",FALSE,19,NA,"B",1110,3.79,14000,"SOCIAL SCIENCE",104100
50461,"Singaporean",FALSE,21,NA,"B",1290,4.14,14000,"SCIENCE",80900
78456,"Singaporean",FALSE,20,NA,"A",1360,4.84,22000,"HUMANITIES",161200
1433,"Foreign",FALSE,18,NA,NA,1100,3.7,18000,"HUMANITIES",71000
55068,"Foreign",FALSE,19,NA,NA,1520,4.97,22000,"SOCIAL SCIENCE",45900
79722,"Singaporean",FALSE,20,NA,"C",1390,4.26,22000,"HUMANITIES",139400
91525,"Singaporean",FALSE,20,NA,"A",1120,3.47,14000,"SOCIAL SCIENCE",45400
78090,"Singaporean",FALSE,19,NA,"B",1180,4.07,14000,"SOCIAL SCIENCE",85800
78237,"Foreign",FALSE,18,NA,NA,1220,4.36,14000,"SOCIAL SCIENCE",103500
15875,"Singaporean",FALSE,20,NA,"B",1350,4.55,18000,"SOCIAL SCIENCE",76300
85961,"Singaporean",FALSE,20,NA,"B",1030,3.77,18000,"SCIENCE",121200
63408,"Foreign",FALSE,19,NA,NA,1030,3.28,14000,"SCIENCE",302200
75073,"Singaporean",TRUE,19,TRUE,"A",1300,4.48,18000,"HUMANITIES",189900
3665,"Foreign",FALSE,18,NA,NA,1090,3.82,18000,"HUMANITIES",90200
95346,"Foreign",FALSE,19,NA,NA,1110,2.9,10000,"SOCIAL SCIENCE",55000
65378,"Singaporean",FALSE,18,NA,"A",1270,4.33,18000,"HUMANITIES",92800
86096,"Foreign",FALSE,20,NA,NA,1280,4.35,18000,"HUMANITIES",85400
15544,"Singaporean",TRUE,19,FALSE,"A",1100,2.85,14000,"SOCIAL SCIENCE",47300
26569,"Foreign",TRUE,19,TRUE,NA,1270,3.7,14000,"SCIENCE",167300
12584,"Singaporean",FALSE,18,NA,"A",1100,2.96,14000,"HUMANITIES",82600
25975,"Singaporean",FALSE,18,NA,"B",1470,4.55,22000,"SOCIAL SCIENCE",61700
69066,"Singaporean",FALSE,22,NA,"B",1050,3.42,10000,"SOCIAL SCIENCE",66700
80027,"Foreign",FALSE,19,NA,NA,1510,4.53,18000,"HUMANITIES",65700
73478,"Foreign",FALSE,19,NA,NA,1210,3.03,14000,"SOCIAL SCIENCE",70000
78447,"Singaporean",FALSE,24,NA,"C",1420,3.17,18000,"HUMANITIES",95400
68172,"Singaporean",FALSE,20,NA,"B",1210,3.32,14000,"SOCIAL SCIENCE",273700
12496,"Singaporean",FALSE,19,NA,"B",1490,3.81,18000,"SCIENCE",58700
25177,"Foreign",FALSE,20,NA,NA,1310,3.32,14000,"HUMANITIES",72100
91035,"Foreign",FALSE,18,NA,NA,1240,3.56,14000,"SCIENCE",106400
60839,"Foreign",FALSE,20,NA,NA,1230,3.66,18000,"SOCIAL SCIENCE",101000
67910,"Foreign",FALSE,18,NA,NA,1140,3.28,18000,"SOCIAL SCIENCE",130300
42224,"Foreign",TRUE,18,FALSE,NA,1270,3.95,14000,"SOCIAL SCIENCE",151600
18440,"Foreign",FALSE,18,NA,NA,1020,4.3,18000,"SCIENCE",149800
7979,"Singaporean",FALSE,21,NA,"B",1140,4.19,14000,"SOCIAL SCIENCE",195100
57147,"Singaporean",FALSE,18,NA,"B",1500,4.37,18000,"SOCIAL SCIENCE",46400
68072,"Foreign",FALSE,20,NA,NA,1010,4.97,18000,"HUMANITIES",499000
96493,"Singaporean",FALSE,21,NA,"A",1280,3.01,18000,"SOCIAL SCIENCE",150800
98759,"Singaporean",FALSE,21,NA,"B",1120,4.44,14000,"SCIENCE",72100
30061,"Singaporean",FALSE,19,NA,"A",1480,3.65,14000,"HUMANITIES",125100
20350,"Foreign",TRUE,18,FALSE,NA,1020,3.18,14000,"HUMANITIES",231100
80480,"Foreign",FALSE,19,NA,NA,1330,4.47,18000,"HUMANITIES",147200
76838,"Singaporean",FALSE,20,NA,"C",1020,3.16,18000,"SOCIAL SCIENCE",75300
35360,"Foreign",FALSE,19,NA,NA,1020,4.26,18000,"SCIENCE",72400
6425,"Singaporean",FALSE,23,NA,"A",1370,3.95,18000,"SOCIAL SCIENCE",329500
73254,"Singaporean",FALSE,18,NA,"A",1120,3.38,14000,"HUMANITIES",52300
65080,"Foreign",FALSE,20,NA,NA,1360,4.16,18000,"SCIENCE",167700
39427,"Foreign",TRUE,19,FALSE,NA,1040,3.34,14000,"HUMANITIES",244800
17952,"Foreign",FALSE,19,NA,NA,1030,4.23,18000,"HUMANITIES",250600
49428,"Singaporean",FALSE,19,NA,"B",1240,4.17,18000,"SCIENCE",73400
40951,"Singaporean",TRUE,18,FALSE,"A",1550,4.92,22000,"HUMANITIES",142900
15651,"Foreign",TRUE,19,FALSE,NA,1030,3.61,18000,"SCIENCE",171100
43655,"Foreign",FALSE,18,NA,NA,1170,4.24,18000,"SCIENCE",66100
70093,"Singaporean",FALSE,20,NA,"C",1370,2.98,18000,"SCIENCE",144800
32394,"Singaporean",FALSE,20,NA,"A",1580,5,22000,"HUMANITIES",161900
4363,"Foreign",FALSE,20,NA,NA,1160,4.56,18000,"HUMANITIES",111800
55779,"Singaporean",FALSE,22,NA,"C",1270,3.68,18000,"SOCIAL SCIENCE",48200
40729,"Foreign",FALSE,19,NA,NA,1130,3.99,18000,"HUMANITIES",96900
40888,"Singaporean",FALSE,20,NA,"B",1260,3.5,22000,"SOCIAL SCIENCE",86700
28603,"Singaporean",FALSE,24,NA,"B",1470,4.26,22000,"HUMANITIES",67100
49393,"Singaporean",TRUE,19,TRUE,"B",1480,5,22000,"SOCIAL SCIENCE",92700
31393,"Singaporean",FALSE,20,NA,"A",1130,3.97,14000,"HUMANITIES",53900
36463,"Singaporean",TRUE,19,FALSE,"B",1370,4.21,18000,"SOCIAL SCIENCE",457400
48124,"Singaporean",FALSE,19,NA,"A",1170,3.15,14000,"HUMANITIES",164500
45684,"Singaporean",FALSE,19,NA,"B",1230,3.36,14000,"SOCIAL SCIENCE",86200
85984,"Foreign",FALSE,19,NA,NA,1370,4.06,18000,"SOCIAL SCIENCE",235400
77929,"Singaporean",FALSE,19,NA,"A",1380,4.19,14000,"SOCIAL SCIENCE",97200
99726,"Singaporean",FALSE,20,NA,"A",1380,4.04,14000,"SOCIAL SCIENCE",199300
25973,"Singaporean",TRUE,20,FALSE,"A",1390,3.96,18000,"HUMANITIES",68000
29152,"Foreign",FALSE,20,NA,NA,1260,4.66,18000,"SCIENCE",58900
71237,"Singaporean",FALSE,19,NA,"B",1280,4.8,18000,"SOCIAL SCIENCE",359000
34777,"Foreign",FALSE,19,NA,NA,1500,4.16,22000,"HUMANITIES",52800
1544,"Singaporean",FALSE,18,NA,"A",1200,3.87,14000,"SCIENCE",45600
95484,"Singaporean",FALSE,23,NA,"C",1150,3.43,14000,"HUMANITIES",50800
20805,"Singaporean",FALSE,19,NA,"C",1260,3.32,18000,"SOCIAL SCIENCE",129700
2445,"Singaporean",FALSE,23,NA,"B",1380,3.68,18000,"SCIENCE",124800
87092,"Foreign",FALSE,18,NA,NA,1290,3.37,18000,"HUMANITIES",53000
91047,"Singaporean",TRUE,18,TRUE,"A",1450,3.47,18000,"SCIENCE",79800
16132,"Foreign",TRUE,21,FALSE,NA,1230,4.54,14000,"SCIENCE",124100
50306,"Singaporean",FALSE,19,NA,"B",1050,4.25,18000,"HUMANITIES",53400
69143,"Singaporean",FALSE,22,NA,"B",1240,2.79,14000,"HUMANITIES",74400
32412,"Foreign",TRUE,19,FALSE,NA,1250,3.68,14000,"HUMANITIES",46000
26790,"Foreign",FALSE,20,NA,NA,1070,2.94,10000,"SCIENCE",159600
53276,"Singaporean",TRUE,19,TRUE,"B",1340,4.35,18000,"HUMANITIES",112800
33961,"Foreign",FALSE,20,NA,NA,1030,3.51,14000,"HUMANITIES",116400
34481,"Singaporean",FALSE,18,NA,"B",1060,3.93,14000,"SCIENCE",99200
90260,"Singaporean",FALSE,18,NA,"A",1100,3.91,18000,"SCIENCE",80600
42733,"Foreign",FALSE,19,NA,NA,1210,3.5,14000,"HUMANITIES",71100
39478,"Foreign",FALSE,21,NA,NA,1170,3.13,18000,"HUMANITIES",102900
81566,"Singaporean",TRUE,20,FALSE,"B",1200,3.39,14000,"HUMANITIES",146000
45143,"Foreign",FALSE,19,NA,NA,1480,3.42,18000,"SOCIAL SCIENCE",52800
35805,"Singaporean",TRUE,18,FALSE,"A",1560,4.04,22000,"SOCIAL SCIENCE",79500
14284,"Singaporean",TRUE,20,TRUE,"A",1350,3.58,22000,"HUMANITIES",103700
89162,"Singaporean",TRUE,19,TRUE,"A",1580,5,22000,"SOCIAL SCIENCE",49000
19780,"Singaporean",FALSE,21,NA,"A",1300,4,18000,"SOCIAL SCIENCE",68800
55457,"Singaporean",FALSE,19,NA,"B",1210,4.32,18000,"SOCIAL SCIENCE",97500
43328,"Singaporean",FALSE,21,NA,"A",1550,5,22000,"HUMANITIES",120900
93102,"Singaporean",FALSE,21,NA,"B",1060,2.77,18000,"SOCIAL SCIENCE",60400
7067,"Singaporean",FALSE,21,NA,"B",1450,5,22000,"HUMANITIES",56600
19603,"Singaporean",TRUE,18,FALSE,"A",1190,4.23,14000,"HUMANITIES",61600
2259,"Singaporean",FALSE,21,NA,"B",1260,4.03,18000,"SOCIAL SCIENCE",58800
33548,"Singaporean",FALSE,21,NA,"A",1440,4.34,18000,"SCIENCE",180300
42241,"Singaporean",FALSE,20,NA,"B",1250,3.7,14000,"SCIENCE",99900
37760,"Singaporean",FALSE,20,NA,"B",1220,4.13,18000,"SCIENCE",199200
89425,"Foreign",FALSE,18,NA,NA,1470,4.97,22000,"SCIENCE",45700
1377,"Singaporean",FALSE,21,NA,"A",1310,3.41,14000,"SCIENCE",171100
87414,"Foreign",FALSE,19,NA,NA,1080,3.4,18000,"HUMANITIES",61700
48446,"Singaporean",FALSE,22,NA,"A",1430,4.3,18000,"HUMANITIES",155000
21725,"Singaporean",TRUE,20,FALSE,"B",1400,4.06,22000,"SOCIAL SCIENCE",242700
43238,"Singaporean",FALSE,22,NA,"A",1110,4.09,18000,"SCIENCE",59800
24624,"Foreign",TRUE,19,TRUE,NA,1060,3.69,14000,"SCIENCE",74600
97790,"Singaporean",FALSE,18,NA,"C",1370,4.1,18000,"SOCIAL SCIENCE",95900
64803,"Singaporean",FALSE,19,NA,"A",1310,3.67,14000,"SCIENCE",98000
22989,"Foreign",TRUE,20,FALSE,NA,1370,2.81,14000,"SCIENCE",127700
81755,"Singaporean",FALSE,22,NA,"B",1010,3.43,14000,"HUMANITIES",63400
77362,"Foreign",TRUE,20,TRUE,NA,1060,4.23,14000,"SCIENCE",113800
68709,"Singaporean",FALSE,19,NA,"B",1310,4.57,18000,"HUMANITIES",139700
12145,"Singaporean",FALSE,20,NA,"B",1170,2.77,14000,"SOCIAL SCIENCE",194600
60341,"Foreign",FALSE,19,NA,NA,1220,3.64,14000,"HUMANITIES",115200
20059,"Singaporean",FALSE,19,NA,"A",1350,4.41,18000,"SOCIAL SCIENCE",220600
17382,"Singaporean",FALSE,23,NA,"A",1120,3.72,14000,"SCIENCE",69100
98835,"Singaporean",FALSE,24,NA,"A",1480,4.35,18000,"SOCIAL SCIENCE",320500
4876,"Singaporean",FALSE,18,NA,"A",1460,4.57,22000,"SCIENCE",65600
79697,"Singaporean",FALSE,21,NA,"B",1010,2.82,14000,"SCIENCE",448600
45288,"Foreign",FALSE,19,NA,NA,1320,4.02,14000,"SCIENCE",73100
8414,"Foreign",TRUE,22,FALSE,NA,1360,4.24,22000,"HUMANITIES",122900
12827,"Foreign",FALSE,18,NA,NA,1100,4.57,18000,"SOCIAL SCIENCE",47700
62345,"Singaporean",TRUE,19,FALSE,"A",1420,3.59,18000,"HUMANITIES",200800
42051,"Foreign",FALSE,20,NA,NA,1370,3.46,22000,"SCIENCE",331600
67501,"Foreign",FALSE,18,NA,NA,1450,4.28,18000,"HUMANITIES",72100
92311,"Singaporean",FALSE,20,NA,"A",1410,4.61,22000,"SOCIAL SCIENCE",104000
56810,"Singaporean",FALSE,22,NA,"A",1140,4.61,22000,"SCIENCE",72900
31208,"Singaporean",FALSE,20,NA,"B",1000,4.18,14000,"SOCIAL SCIENCE",154700
3830,"Foreign",FALSE,19,NA,NA,1180,3.92,18000,"SCIENCE",94600
94289,"Singaporean",TRUE,19,FALSE,"A",1390,4.15,18000,"HUMANITIES",98900
54415,"Foreign",FALSE,20,NA,NA,1030,3.66,14000,"SCIENCE",67900
14033,"Singaporean",FALSE,18,NA,"A",1230,3.64,18000,"HUMANITIES",189000
98615,"Singaporean",FALSE,22,NA,"B",1210,3.57,14000,"HUMANITIES",812000
32387,"Foreign",FALSE,20,NA,NA,1450,4.54,22000,"SCIENCE",125800
85564,"Foreign",FALSE,19,NA,NA,1010,3.16,10000,"SOCIAL SCIENCE",83700
97320,"Singaporean",FALSE,21,NA,"A",1560,4.74,22000,"SOCIAL SCIENCE",202700
2756,"Foreign",FALSE,18,NA,NA,1440,4.76,18000,"SCIENCE",109900
31226,"Singaporean",TRUE,19,FALSE,"B",1250,4.37,18000,"HUMANITIES",127300
38702,"Singaporean",FALSE,22,NA,"A",1360,3.75,22000,"HUMANITIES",85700
7808,"Foreign",FALSE,19,NA,NA,1330,4.2,18000,"HUMANITIES",76700
95346,"Singaporean",FALSE,19,NA,"A",1470,4.77,22000,"HUMANITIES",76900
98756,"Foreign",FALSE,18,NA,NA,1250,3.78,18000,"SCIENCE",102100
40933,"Singaporean",FALSE,24,NA,"C",1340,4.36,18000,"SCIENCE",101200
10614,"Singaporean",FALSE,20,NA,"B",1080,3.25,18000,"SCIENCE",128200
87378,"Foreign",TRUE,19,TRUE,NA,1500,4.84,22000,"HUMANITIES",284500
10030,"Singaporean",FALSE,21,NA,"A",1470,4.64,22000,"HUMANITIES",435700
75434,"Foreign",FALSE,19,NA,NA,1460,4.14,18000,"HUMANITIES",153700
96730,"Singaporean",FALSE,21,NA,"A",1480,3.99,22000,"SCIENCE",139700
21249,"Foreign",FALSE,19,NA,NA,1080,3.22,14000,"HUMANITIES",191200
3807,"Singaporean",TRUE,21,TRUE,"B",1180,3.83,14000,"SOCIAL SCIENCE",321200
68711,"Foreign",FALSE,20,NA,NA,1130,4.23,14000,"SOCIAL SCIENCE",159200
24902,"Singaporean",FALSE,20,NA,"B",1350,4.32,14000,"SOCIAL SCIENCE",143000
11097,"Singaporean",FALSE,20,NA,"A",1560,4.52,18000,"SCIENCE",117700
54881,"Singaporean",FALSE,19,NA,"B",1370,3.91,22000,"HUMANITIES",71600
71831,"Singaporean",FALSE,20,NA,"A",1500,3.32,18000,"HUMANITIES",52700
17462,"Singaporean",FALSE,20,NA,"B",1450,4.52,18000,"SOCIAL SCIENCE",274500
81482,"Singaporean",FALSE,22,NA,"B",1460,3.88,18000,"SOCIAL SCIENCE",213800
4826,"Singaporean",TRUE,20,FALSE,"B",1140,3.6,18000,"SCIENCE",269600
95778,"Foreign",TRUE,22,TRUE,NA,1380,4.56,18000,"HUMANITIES",833400
52870,"Singaporean",FALSE,21,NA,"B",1090,4.24,14000,"HUMANITIES",46400
95827,"Singaporean",FALSE,19,NA,"A",1230,3.63,14000,"SCIENCE",77600
23896,"Singaporean",TRUE,20,TRUE,"B",1000,4.35,14000,"SCIENCE",46600
44575,"Singaporean",FALSE,22,NA,"B",1100,4.01,18000,"SCIENCE",68600
56482,"Singaporean",FALSE,23,NA,"B",1400,4.19,18000,"SCIENCE",374400
74776,"Singaporean",FALSE,19,NA,"B",1330,3.96,14000,"SOCIAL SCIENCE",133000
78953,"Singaporean",TRUE,18,FALSE,"B",1080,4.22,14000,"SOCIAL SCIENCE",454300
8587,"Foreign",TRUE,19,TRUE,NA,1550,4.89,22000,"SOCIAL SCIENCE",136100
76888,"Singaporean",FALSE,21,NA,"B",1070,3.12,18000,"SOCIAL SCIENCE",74300
56223,"Singaporean",FALSE,18,NA,"A",1320,2.86,14000,"SCIENCE",377300
33374,"Singaporean",FALSE,18,NA,"B",1380,4.53,18000,"HUMANITIES",159300
42708,"Singaporean",TRUE,21,FALSE,"A",1190,4.07,22000,"SOCIAL SCIENCE",57200
92409,"Singaporean",FALSE,21,NA,"B",1500,4.44,22000,"SOCIAL SCIENCE",66300
77732,"Singaporean",FALSE,20,NA,"B",1270,2.99,14000,"SCIENCE",103500
75599,"Singaporean",FALSE,18,NA,"B",1440,4.37,22000,"SCIENCE",157100
7971,"Singaporean",FALSE,22,NA,"B",1420,4.01,18000,"SCIENCE",357500
95225,"Singaporean",FALSE,20,NA,"B",1190,4.34,18000,"HUMANITIES",121500
26486,"Foreign",FALSE,22,NA,NA,1100,4.09,10000,"SCIENCE",71200
19977,"Singaporean",TRUE,18,FALSE,"A",1250,2.69,18000,"SCIENCE",316900
4406,"Foreign",TRUE,19,FALSE,NA,1450,3.86,22000,"SOCIAL SCIENCE",84900
89108,"Singaporean",TRUE,20,FALSE,"A",1220,3.41,18000,"SOCIAL SCIENCE",191600
51305,"Singaporean",FALSE,20,NA,"A",1100,4.15,18000,"SCIENCE",53400
48523,"Singaporean",FALSE,20,NA,"B",1460,4.7,22000,"HUMANITIES",93700
78278,"Foreign",TRUE,19,FALSE,NA,1140,3.13,14000,"SOCIAL SCIENCE",285800
49976,"Foreign",FALSE,18,NA,NA,1060,3.71,18000,"SCIENCE",66500
6935,"Singaporean",FALSE,20,NA,"B",1150,3.4,18000,"SOCIAL SCIENCE",223500
90050,"Singaporean",FALSE,21,NA,"C",1070,4.12,18000,"HUMANITIES",78500
16765,"Singaporean",FALSE,20,NA,"A",1130,3.21,14000,"SOCIAL SCIENCE",99100
49082,"Foreign",FALSE,18,NA,NA,1370,4.07,14000,"SCIENCE",235900
25644,"Foreign",FALSE,20,NA,NA,1180,4.54,18000,"SOCIAL SCIENCE",223000
15516,"Foreign",FALSE,18,NA,NA,1440,3.86,22000,"SOCIAL SCIENCE",170400
82838,"Foreign",FALSE,19,NA,NA,1330,4.03,18000,"SCIENCE",95700
71832,"Singaporean",FALSE,19,NA,"B",1330,3.32,14000,"HUMANITIES",47000
11322,"Singaporean",FALSE,22,NA,"B",1390,3.02,18000,"SOCIAL SCIENCE",53200
2032,"Foreign",FALSE,19,NA,NA,1370,4.2,18000,"SOCIAL SCIENCE",118300
98032,"Foreign",TRUE,20,FALSE,NA,1550,4.49,22000,"SOCIAL SCIENCE",84400
99060,"Singaporean",TRUE,18,FALSE,"A",1570,5,18000,"SOCIAL SCIENCE",53400
95269,"Foreign",TRUE,18,FALSE,NA,1270,3.88,18000,"SOCIAL SCIENCE",217300
4201,"Singaporean",TRUE,21,TRUE,"A",1490,4.8,18000,"HUMANITIES",68100
53526,"Singaporean",FALSE,22,NA,"A",1250,3.05,18000,"SOCIAL SCIENCE",110200
9836,"Foreign",FALSE,22,NA,NA,1290,3.64,18000,"SCIENCE",126900
86503,"Singaporean",FALSE,19,NA,"B",1130,4.63,14000,"SOCIAL SCIENCE",176400
30108,"Foreign",FALSE,19,NA,NA,1190,4.64,22000,"SCIENCE",104700
19633,"Singaporean",TRUE,19,FALSE,"B",1470,4.07,18000,"SOCIAL SCIENCE",144500
62580,"Foreign",FALSE,20,NA,NA,1060,3.38,14000,"SOCIAL SCIENCE",53000
80849,"Singaporean",FALSE,21,NA,"B",1490,4.63,22000,"SOCIAL SCIENCE",137200
83388,"Foreign",FALSE,19,NA,NA,1440,4.64,18000,"SCIENCE",328100
4026,"Singaporean",FALSE,21,NA,"A",1400,4.07,18000,"SCIENCE",71500
3298,"Foreign",TRUE,19,FALSE,NA,1150,3.18,18000,"HUMANITIES",49000
14844,"Singaporean",FALSE,22,NA,"B",1440,3.56,14000,"SOCIAL SCIENCE",160100
18676,"Foreign",TRUE,18,TRUE,NA,1250,3.88,14000,"SCIENCE",223800
6528,"Foreign",FALSE,18,NA,NA,1380,4.52,14000,"SCIENCE",191100
76545,"Singaporean",TRUE,19,FALSE,"A",1190,3.58,18000,"HUMANITIES",204400
17723,"Foreign",FALSE,19,NA,NA,1470,4.19,22000,"HUMANITIES",110900
51281,"Singaporean",FALSE,18,NA,"B",1120,3.88,10000,"SCIENCE",84600
44563,"Singaporean",TRUE,20,TRUE,"B",1250,3.11,14000,"SOCIAL SCIENCE",187200
32583,"Foreign",TRUE,19,FALSE,NA,1490,5,18000,"SOCIAL SCIENCE",475600
23074,"Singaporean",FALSE,18,NA,"B",1440,4.6,18000,"SCIENCE",62500
65372,"Foreign",FALSE,18,NA,NA,1050,3.05,14000,"SOCIAL SCIENCE",173200
42360,"Foreign",FALSE,19,NA,NA,1110,3.65,14000,"SCIENCE",81500
84286,"Singaporean",FALSE,21,NA,"A",1290,3.76,14000,"HUMANITIES",499300
42582,"Singaporean",FALSE,20,NA,"C",1360,3.4,14000,"HUMANITIES",193700
89583,"Foreign",TRUE,19,FALSE,NA,1210,4.34,22000,"HUMANITIES",67500
45258,"Singaporean",FALSE,23,NA,"B",1490,4.87,18000,"SOCIAL SCIENCE",138300
3091,"Foreign",FALSE,19,NA,NA,1120,4.65,14000,"SCIENCE",245400
24588,"Singaporean",FALSE,18,NA,"A",1270,4.11,14000,"SCIENCE",106100
34498,"Singaporean",TRUE,19,TRUE,"A",1360,5,14000,"SCIENCE",519600
7269,"Foreign",TRUE,18,TRUE,NA,1410,3.81,18000,"HUMANITIES",101800
52803,"Singaporean",FALSE,19,NA,"A",1250,3.55,22000,"SCIENCE",58500
62623,"Singaporean",FALSE,19,NA,"B",1190,2.46,14000,"SCIENCE",143900
75786,"Singaporean",FALSE,23,NA,"B",1170,3.56,18000,"SCIENCE",271500
95044,"Singaporean",TRUE,20,FALSE,"A",1270,2.75,18000,"SCIENCE",348100
40447,"Singaporean",FALSE,19,NA,"B",1260,3,14000,"HUMANITIES",175000
86405,"Foreign",FALSE,20,NA,NA,1260,2.26,14000,"HUMANITIES",146400
5969,"Singaporean",FALSE,21,NA,"A",1510,5,23000,"HUMANITIES",103600
95068,"Foreign",TRUE,18,FALSE,NA,1180,3.21,18000,"SCIENCE",228400
31173,"Singaporean",FALSE,18,NA,"B",1050,4.48,14000,"SCIENCE",98300
67318,"Singaporean",FALSE,21,NA,"B",1470,4.55,22000,"SCIENCE",79200
3128,"Singaporean",FALSE,20,NA,"B",1490,3.58,18000,"HUMANITIES",68300
7162,"Singaporean",FALSE,18,NA,"B",1440,4.87,22000,"HUMANITIES",196500
84762,"Singaporean",FALSE,21,NA,"B",1320,4.13,18000,"SOCIAL SCIENCE",119700
51849,"Foreign",FALSE,18,NA,NA,1540,4.39,22000,"HUMANITIES",138400
47190,"Foreign",FALSE,19,NA,NA,1390,4.34,22000,"HUMANITIES",153600
44098,"Singaporean",TRUE,20,TRUE,"C",1200,4.1,14000,"SCIENCE",101000
31945,"Singaporean",TRUE,20,FALSE,"B",1040,3.58,10000,"SOCIAL SCIENCE",120300
22283,"Singaporean",FALSE,22,NA,"B",1010,4.02,10000,"SCIENCE",56000
23600,"Singaporean",TRUE,20,FALSE,"A",1330,4.03,14000,"SOCIAL SCIENCE",150400
14222,"Singaporean",FALSE,18,NA,"B",1320,3.88,22000,"SOCIAL SCIENCE",46800
83134,"Foreign",TRUE,19,TRUE,NA,1370,4.6,22000,"SOCIAL SCIENCE",107900
29952,"Singaporean",FALSE,22,NA,"B",1160,3.56,18000,"SOCIAL SCIENCE",227500
38475,"Singaporean",TRUE,18,TRUE,"B",1310,4.01,14000,"SOCIAL SCIENCE",97000
46196,"Singaporean",FALSE,19,NA,"A",1100,3.19,14000,"HUMANITIES",142200
13300,"Foreign",TRUE,21,FALSE,NA,1510,4.73,22000,"SCIENCE",50600
5438,"Foreign",TRUE,18,TRUE,NA,1280,4.03,18000,"SOCIAL SCIENCE",314400
22061,"Singaporean",FALSE,20,NA,"B",1280,3.82,14000,"SCIENCE",89800
39093,"Singaporean",TRUE,18,FALSE,"B",1470,4.06,22000,"HUMANITIES",303000
84511,"Singaporean",FALSE,21,NA,"B",1500,3.77,18000,"SOCIAL SCIENCE",236600
8147,"Singaporean",FALSE,20,NA,"B",1410,3.95,22000,"HUMANITIES",123300
77863,"Singaporean",FALSE,21,NA,"C",960,3.95,10000,"SCIENCE",49600
53916,"Singaporean",TRUE,19,FALSE,"B",1040,3.18,10000,"SCIENCE",262600
58355,"Foreign",FALSE,21,NA,NA,1190,4.74,18000,"HUMANITIES",53000
96401,"Singaporean",TRUE,18,TRUE,"A",1560,4.79,18000,"HUMANITIES",253400
82021,"Foreign",TRUE,19,FALSE,NA,1230,4.27,18000,"SOCIAL SCIENCE",388000
61605,"Foreign",TRUE,20,TRUE,NA,1500,4.07,18000,"SOCIAL SCIENCE",146300
79009,"Singaporean",FALSE,20,NA,"A",1160,4.42,14000,"SCIENCE",112000
49657,"Foreign",TRUE,19,FALSE,NA,980,4.07,14000,"SOCIAL SCIENCE",77300
86250,"Singaporean",FALSE,22,NA,"B",1090,3.59,14000,"SOCIAL SCIENCE",67700
39454,"Singaporean",FALSE,22,NA,"B",1430,4.75,22000,"SCIENCE",170600
92588,"Foreign",FALSE,19,NA,NA,1070,3.66,18000,"SOCIAL SCIENCE",49900
95697,"Singaporean",FALSE,20,NA,"B",1380,3.46,14000,"SOCIAL SCIENCE",48700
23946,"Foreign",FALSE,19,NA,NA,1360,4.22,14000,"SOCIAL SCIENCE",66900
46297,"Foreign",FALSE,19,NA,NA,1030,3.43,14000,"SCIENCE",66800
88604,"Singaporean",TRUE,18,TRUE,"A",1170,3.65,18000,"HUMANITIES",146000
86465,"Singaporean",TRUE,18,FALSE,"C",1060,4.93,22000,"HUMANITIES",48800
4825,"Singaporean",TRUE,18,TRUE,"A",1250,3.51,22000,"HUMANITIES",71100
39430,"Foreign",TRUE,20,FALSE,NA,1390,4.15,18000,"HUMANITIES",68300
3091,"Singaporean",FALSE,18,NA,"A",1110,3.9,10000,"SCIENCE",130300
46230,"Foreign",FALSE,19,NA,NA,1460,4.55,22000,"SOCIAL SCIENCE",253200
96872,"Foreign",FALSE,19,NA,NA,1330,3.82,18000,"HUMANITIES",318300
51184,"Foreign",TRUE,20,FALSE,NA,1080,3.85,18000,"SCIENCE",211400
20513,"Foreign",FALSE,22,NA,NA,1380,3.63,18000,"HUMANITIES",161700
10768,"Foreign",FALSE,19,NA,NA,1120,4.04,14000,"SCIENCE",117200
15491,"Singaporean",FALSE,19,NA,"A",1570,4.28,18000,"SCIENCE",80000
98351,"Singaporean",TRUE,19,FALSE,"B",1330,3.75,14000,"SOCIAL SCIENCE",218600
28847,"Singaporean",FALSE,21,NA,"C",1020,3.65,14000,"SCIENCE",48500
9653,"Foreign",FALSE,19,NA,NA,1510,5,18000,"SOCIAL SCIENCE",185400
8427,"Singaporean",TRUE,19,FALSE,"B",1090,4.15,10000,"SCIENCE",79000
56398,"Singaporean",TRUE,21,TRUE,"A",1430,3.99,18000,"HUMANITIES",135500
87409,"Singaporean",FALSE,22,NA,"B",1150,4.42,18000,"SCIENCE",76500
69436,"Singaporean",FALSE,22,NA,"C",1250,4.58,22000,"SCIENCE",58100
56051,"Singaporean",TRUE,20,TRUE,"B",1090,3.37,14000,"SCIENCE",70300
36567,"Foreign",FALSE,18,NA,NA,1200,2.71,14000,"HUMANITIES",67400
84043,"Singaporean",FALSE,21,NA,"B",1400,3.64,18000,"HUMANITIES",53800
63997,"Foreign",FALSE,19,NA,NA,1030,4.04,14000,"SOCIAL SCIENCE",118100
21529,"Singaporean",FALSE,18,NA,"B",1300,3.99,22000,"SOCIAL SCIENCE",103800
32924,"Foreign",FALSE,19,NA,NA,1180,3.62,18000,"HUMANITIES",274200
12672,"Foreign",TRUE,18,FALSE,NA,1590,5,22000,"SCIENCE",114000
6605,"Singaporean",FALSE,22,NA,"A",1600,4.75,22000,"SCIENCE",79100
38302,"Singaporean",FALSE,20,NA,"C",1340,4.71,22000,"SOCIAL SCIENCE",173100
91455,"Foreign",FALSE,19,NA,NA,1380,4.43,22000,"SCIENCE",59200
38294,"Foreign",TRUE,19,TRUE,NA,1130,3.7,14000,"SCIENCE",95000
39046,"Foreign",FALSE,19,NA,NA,1060,2.4,14000,"SOCIAL SCIENCE",434500
57809,"Singaporean",FALSE,25,NA,"B",1470,3.69,14000,"SCIENCE",125000
17256,"Foreign",FALSE,19,NA,NA,1460,3.99,14000,"HUMANITIES",99400
29096,"Foreign",FALSE,19,NA,NA,1450,4.32,14000,"SCIENCE",64300
64603,"Singaporean",FALSE,20,NA,"A",1600,4.94,22000,"SOCIAL SCIENCE",56000
91649,"Singaporean",FALSE,18,NA,"B",1230,4.48,18000,"SCIENCE",420200
55432,"Foreign",TRUE,18,TRUE,NA,1260,3.63,22000,"SCIENCE",75500
92869,"Foreign",FALSE,19,NA,NA,1250,3.38,14000,"SCIENCE",251500
63459,"Foreign",FALSE,19,NA,NA,1100,3.19,14000,"SCIENCE",172000
49651,"Foreign",FALSE,18,NA,NA,1360,3.41,18000,"SCIENCE",56800
46873,"Singaporean",FALSE,18,NA,"B",1330,2.77,18000,"HUMANITIES",152700
18918,"Singaporean",FALSE,21,NA,"B",1400,4.96,14000,"HUMANITIES",126500
40304,"Singaporean",TRUE,19,TRUE,"A",1130,3.17,18000,"SOCIAL SCIENCE",52400
3445,"Foreign",FALSE,19,NA,NA,1140,4.59,14000,"SOCIAL SCIENCE",118700
39554,"Foreign",TRUE,19,FALSE,NA,1330,4.33,18000,"HUMANITIES",161500
24579,"Foreign",FALSE,20,NA,NA,1360,3.58,18000,"HUMANITIES",303200
42761,"Foreign",FALSE,19,NA,NA,1440,4.32,18000,"SOCIAL SCIENCE",209700
8839,"Singaporean",FALSE,20,NA,"B",1010,4.19,14000,"HUMANITIES",59100
37695,"Foreign",FALSE,20,NA,NA,1290,4.3,18000,"SOCIAL SCIENCE",116100
84453,"Foreign",FALSE,19,NA,NA,1380,3.85,14000,"SCIENCE",144300
22205,"Singaporean",TRUE,19,TRUE,"A",1580,5,22000,"SOCIAL SCIENCE",84200
39816,"Singaporean",FALSE,21,NA,"A",1310,3.42,18000,"SOCIAL SCIENCE",89300
14004,"Singaporean",FALSE,24,NA,"B",1350,3.28,18000,"SCIENCE",124700
73887,"Singaporean",FALSE,20,NA,"B",1340,3.83,18000,"HUMANITIES",114300
40659,"Singaporean",TRUE,19,TRUE,"B",1490,4.23,22000,"SCIENCE",193200
97334,"Foreign",FALSE,19,NA,NA,1180,3.89,14000,"SCIENCE",116700
26841,"Singaporean",FALSE,19,NA,"C",1080,2.91,14000,"HUMANITIES",58800
88532,"Singaporean",TRUE,19,FALSE,"A",1410,4.81,18000,"SCIENCE",217300
16641,"Foreign",FALSE,19,NA,NA,1370,3.63,18000,"SOCIAL SCIENCE",162800
48729,"Singaporean",FALSE,23,NA,"A",1270,4.21,22000,"SOCIAL SCIENCE",118100
42008,"Singaporean",FALSE,21,NA,"A",1480,4.62,22000,"HUMANITIES",329300
30800,"Foreign",FALSE,19,NA,NA,1090,2.88,10000,"SCIENCE",50300
47087,"Singaporean",FALSE,19,NA,"B",1480,4.83,22000,"SCIENCE",48900
27181,"Singaporean",TRUE,20,FALSE,"A",1600,4.89,22000,"SOCIAL SCIENCE",75700
3692,"Foreign",FALSE,22,NA,NA,1160,4.49,14000,"SCIENCE",91400
9737,"Foreign",FALSE,19,NA,NA,1250,4.14,18000,"HUMANITIES",185400
69647,"Singaporean",FALSE,21,NA,"B",1480,4.69,22000,"SCIENCE",302100
51549,"Singaporean",FALSE,21,NA,"B",1110,3.73,18000,"HUMANITIES",178500
36371,"Singaporean",TRUE,19,FALSE,"C",960,3.48,14000,"SOCIAL SCIENCE",210800
56811,"Foreign",FALSE,18,NA,NA,1060,2.88,14000,"SOCIAL SCIENCE",133000
11781,"Foreign",TRUE,18,FALSE,NA,1270,4.15,14000,"HUMANITIES",233900
92567,"Singaporean",FALSE,19,NA,"B",1070,3.62,14000,"HUMANITIES",57500
42425,"Foreign",FALSE,18,NA,NA,970,3.48,10000,"HUMANITIES",105500
49296,"Foreign",TRUE,19,TRUE,NA,1220,3.61,14000,"SCIENCE",107600
68534,"Singaporean",TRUE,18,FALSE,"A",1540,4.6,22000,"SOCIAL SCIENCE",79600
48602,"Foreign",FALSE,18,NA,NA,1260,4.05,22000,"HUMANITIES",60900
24631,"Foreign",FALSE,18,NA,NA,1140,3.21,14000,"SOCIAL SCIENCE",448400
14770,"Singaporean",TRUE,19,FALSE,"B",1390,4.85,22000,"SCIENCE",131500
3664,"Foreign",FALSE,19,NA,NA,1440,4.04,18000,"SCIENCE",391400
8137,"Singaporean",TRUE,18,FALSE,"A",1300,4.08,18000,"SCIENCE",233400
25427,"Singaporean",FALSE,19,NA,"B",1080,3.28,14000,"SCIENCE",425500
38954,"Singaporean",FALSE,21,NA,"A",1280,4.74,18000,"SOCIAL SCIENCE",66600
35252,"Singaporean",FALSE,19,NA,"C",1440,4.87,22000,"SOCIAL SCIENCE",314800
94899,"Singaporean",FALSE,20,NA,"A",1560,5,22000,"SOCIAL SCIENCE",190700
33232,"Singaporean",FALSE,21,NA,"A",1320,3.85,22000,"SCIENCE",59800
26126,"Foreign",FALSE,19,NA,NA,1280,4.4,18000,"SCIENCE",139800
48120,"Foreign",FALSE,19,NA,NA,1490,4.42,22000,"SCIENCE",93800
13512,"Singaporean",FALSE,21,NA,"B",1340,4.5,18000,"SCIENCE",93700
93499,"Singaporean",FALSE,18,NA,"C",1200,4.04,18000,"SCIENCE",399800
9736,"Singaporean",FALSE,20,NA,"B",1010,3.55,10000,"SCIENCE",106900
60193,"Singaporean",FALSE,22,NA,"A",1200,2.96,18000,"HUMANITIES",340800
53911,"Singaporean",FALSE,21,NA,"A",1260,4.49,22000,"HUMANITIES",427800
94960,"Foreign",FALSE,18,NA,NA,1030,3.28,14000,"SCIENCE",61400
24622,"Foreign",FALSE,20,NA,NA,1350,4.62,22000,"SCIENCE",107000
23391,"Singaporean",TRUE,19,FALSE,"C",1130,3.22,14000,"HUMANITIES",142600
88258,"Singaporean",FALSE,18,NA,"B",1260,4.24,22000,"SOCIAL SCIENCE",115900
63684,"Singaporean",FALSE,21,NA,"A",1450,4.62,22000,"HUMANITIES",125300
75017,"Foreign",FALSE,19,NA,NA,1350,4.41,18000,"SOCIAL SCIENCE",129500
62544,"Singaporean",TRUE,20,FALSE,"B",1350,3.63,22000,"SCIENCE",244100
45338,"Foreign",FALSE,20,NA,NA,1240,3.47,18000,"HUMANITIES",113300
84544,"Singaporean",FALSE,19,NA,"A",1390,4.2,14000,"SCIENCE",297500
86883,"Singaporean",FALSE,21,NA,"B",1160,3.96,14000,"SOCIAL SCIENCE",97900
86187,"Foreign",FALSE,19,NA,NA,1240,4.41,18000,"SOCIAL SCIENCE",55500
36477,"Foreign",FALSE,20,NA,NA,1320,4.24,14000,"SOCIAL SCIENCE",440800
42217,"Foreign",FALSE,18,NA,NA,1360,3.98,18000,"SOCIAL SCIENCE",137600
53582,"Foreign",FALSE,19,NA,NA,1480,3.74,18000,"SOCIAL SCIENCE",57600
8589,"Foreign",FALSE,19,NA,NA,1010,4.4,10000,"HUMANITIES",168600
41775,"Singaporean",FALSE,18,NA,"B",1060,3.82,14000,"SCIENCE",65300
32610,"Singaporean",FALSE,20,NA,"B",1000,3.17,14000,"SCIENCE",515200
15139,"Singaporean",TRUE,18,FALSE,"B",1270,3.4,22000,"SOCIAL SCIENCE",107200
6095,"Singaporean",TRUE,18,FALSE,"B",1460,3.74,22000,"SOCIAL SCIENCE",292700
43520,"Singaporean",FALSE,19,NA,"A",1460,3.71,22000,"SCIENCE",51600
25652,"Singaporean",TRUE,19,TRUE,"B",1100,3.48,14000,"SOCIAL SCIENCE",114900
67027,"Singaporean",FALSE,20,NA,"B",1090,2.87,14000,"HUMANITIES",47300
3627,"Singaporean",TRUE,18,FALSE,"A",1510,5,18000,"HUMANITIES",292700
25657,"Foreign",FALSE,19,NA,NA,1500,4.63,18000,"SCIENCE",122000
84769,"Foreign",FALSE,20,NA,NA,1380,4.63,22000,"SCIENCE",201200
28934,"Singaporean",FALSE,20,NA,"B",1030,4.52,14000,"HUMANITIES",144400
68841,"Foreign",FALSE,18,NA,NA,1510,4.35,18000,"SOCIAL SCIENCE",275900
58178,"Foreign",TRUE,19,FALSE,NA,1110,2.89,14000,"SCIENCE",291000
22862,"Foreign",FALSE,18,NA,NA,1370,3.89,14000,"HUMANITIES",49300
4137,"Singaporean",FALSE,21,NA,"B",1230,4.34,14000,"HUMANITIES",165700
61832,"Singaporean",FALSE,22,NA,"A",1160,3.48,14000,"HUMANITIES",86300
43494,"Singaporean",FALSE,20,NA,"A",1110,3.38,10000,"SCIENCE",96000
84965,"Singaporean",FALSE,21,NA,"C",1280,3.77,14000,"SCIENCE",95600
37529,"Singaporean",TRUE,19,FALSE,"B",1410,5,18000,"SCIENCE",126800
93768,"Foreign",TRUE,19,FALSE,NA,1350,3.29,14000,"HUMANITIES",51000
27120,"Singaporean",FALSE,19,NA,"B",1390,4.04,22000,"SCIENCE",160300
75892,"Singaporean",FALSE,20,NA,"A",1110,3.97,18000,"SOCIAL SCIENCE",535500
7535,"Singaporean",FALSE,19,NA,"B",1270,3.65,14000,"SOCIAL SCIENCE",104800
92052,"Singaporean",FALSE,20,NA,"B",1500,4.68,22000,"HUMANITIES",165800
62530,"Foreign",FALSE,20,NA,NA,1490,5,18000,"SCIENCE",246600
25527,"Singaporean",TRUE,20,TRUE,"C",1410,4.28,22000,"SCIENCE",67400
41478,"Singaporean",FALSE,18,NA,"B",1120,3.48,14000,"SOCIAL SCIENCE",72000
97195,"Foreign",FALSE,18,NA,NA,1190,3.88,18000,"SCIENCE",340000
10255,"Singaporean",FALSE,18,NA,"A",1370,3.28,18000,"SCIENCE",61200
35067,"Singaporean",FALSE,20,NA,"A",1150,4.04,14000,"HUMANITIES",205400
68351,"Singaporean",FALSE,20,NA,"A",1590,4.92,22000,"HUMANITIES",46000
79629,"Foreign",FALSE,18,NA,NA,1300,4.22,14000,"SCIENCE",86900
41992,"Singaporean",FALSE,21,NA,"A",1600,5,18000,"HUMANITIES",350100
21602,"Singaporean",TRUE,18,FALSE,"B",1300,4.14,18000,"SCIENCE",567600
13961,"Singaporean",FALSE,21,NA,"A",1320,4.75,18000,"HUMANITIES",260000
74608,"Singaporean",FALSE,21,NA,"B",1270,4.47,18000,"HUMANITIES",161200
82026,"Singaporean",FALSE,22,NA,"B",1490,5,22000,"SOCIAL SCIENCE",566700
94523,"Foreign",FALSE,20,NA,NA,1410,4.56,22000,"SCIENCE",124800
2179,"Singaporean",FALSE,22,NA,"B",1040,2.92,14000,"SOCIAL SCIENCE",209500
72547,"Singaporean",FALSE,19,NA,"A",1530,4.19,22000,"HUMANITIES",67900
84602,"Singaporean",FALSE,19,NA,"A",1530,4.76,22000,"SOCIAL SCIENCE",248900
71638,"Singaporean",FALSE,23,NA,"B",1020,4.3,18000,"HUMANITIES",126800
11332,"Foreign",FALSE,19,NA,NA,1240,3.65,18000,"SCIENCE",109900
60084,"Singaporean",TRUE,18,FALSE,"B",1020,3.31,18000,"SCIENCE",58100
95263,"Singaporean",FALSE,20,NA,"A",1450,3.79,22000,"HUMANITIES",121900
86637,"Singaporean",FALSE,20,NA,"B",1090,3.83,14000,"SCIENCE",47100
94298,"Foreign",FALSE,18,NA,NA,1290,4.59,18000,"SOCIAL SCIENCE",163400
70247,"Singaporean",FALSE,22,NA,"C",1350,4.69,18000,"SOCIAL SCIENCE",89500
61094,"Singaporean",TRUE,18,TRUE,"A",1190,4.28,18000,"SCIENCE",391800
30218,"Foreign",FALSE,20,NA,NA,1180,4.34,14000,"SCIENCE",81700
8664,"Singaporean",TRUE,19,TRUE,"B",1080,3.39,14000,"SCIENCE",193900
17083,"Singaporean",TRUE,19,FALSE,"A",1350,3.47,14000,"HUMANITIES",104700
74878,"Singaporean",FALSE,19,NA,"A",1420,3.83,14000,"SCIENCE",70000
82428,"Foreign",FALSE,18,NA,NA,1130,3.59,14000,"SCIENCE",48800
33292,"Foreign",FALSE,21,NA,NA,1030,3.22,14000,"SCIENCE",142400
62964,"Foreign",TRUE,18,FALSE,NA,1120,3.17,18000,"SCIENCE",218700
44437,"Singaporean",FALSE,18,NA,"A",1310,3.85,22000,"HUMANITIES",61300
64125,"Foreign",FALSE,20,NA,NA,1340,3.62,14000,"HUMANITIES",298100
93315,"Foreign",FALSE,19,NA,NA,1390,4.17,22000,"HUMANITIES",93800
54647,"Singaporean",TRUE,19,FALSE,"B",1130,3.73,14000,"SCIENCE",57200
15621,"Singaporean",FALSE,20,NA,"A",1330,4.02,18000,"SCIENCE",130600
34184,"Singaporean",FALSE,20,NA,"B",1100,3.72,10000,"HUMANITIES",225400
43180,"Foreign",FALSE,18,NA,NA,1160,3.54,18000,"HUMANITIES",210100
22958,"Singaporean",FALSE,20,NA,"A",1220,3.4,14000,"HUMANITIES",113200
97958,"Foreign",FALSE,18,NA,NA,1030,2.95,18000,"HUMANITIES",73300
86235,"Singaporean",TRUE,20,FALSE,"B",1100,3.25,18000,"SCIENCE",57700
92993,"Singaporean",FALSE,21,NA,"B",1030,3.92,18000,"SCIENCE",103300
12616,"Singaporean",TRUE,19,TRUE,"A",1510,5,22000,"SCIENCE",307500
32828,"Foreign",FALSE,18,NA,NA,1230,4.56,22000,"HUMANITIES",69900
62878,"Singaporean",FALSE,22,NA,"A",1520,3.88,18000,"SCIENCE",72600
70650,"Foreign",FALSE,19,NA,NA,1180,3.64,14000,"HUMANITIES",197700
92773,"Foreign",FALSE,18,NA,NA,1300,4.02,18000,"SCIENCE",49600
92009,"Foreign",FALSE,19,NA,NA,1380,4.31,18000,"SCIENCE",172200
30925,"Singaporean",FALSE,18,NA,"B",1010,2.72,18000,"HUMANITIES",81100
9547,"Singaporean",FALSE,20,NA,"B",1230,4.5,18000,"HUMANITIES",192700
93811,"Foreign",FALSE,19,NA,NA,1270,4.35,14000,"HUMANITIES",190800
17635,"Foreign",FALSE,20,NA,NA,1110,3.55,18000,"SCIENCE",226600
39513,"Foreign",FALSE,19,NA,NA,1440,4.87,22000,"SCIENCE",61900
65547,"Singaporean",FALSE,19,NA,"B",1200,3.03,14000,"HUMANITIES",87100
78467,"Singaporean",FALSE,19,NA,"B",1160,4.35,18000,"SCIENCE",170300
79708,"Singaporean",FALSE,22,NA,"B",1280,3.83,18000,"SCIENCE",100800
69695,"Singaporean",FALSE,19,NA,"A",1310,3.8,18000,"SCIENCE",140800
11663,"Singaporean",TRUE,18,FALSE,"B",1380,3.32,14000,"HUMANITIES",262300
34532,"Foreign",TRUE,19,TRUE,NA,1280,3.23,14000,"SOCIAL SCIENCE",177900
25623,"Singaporean",FALSE,23,NA,"B",1140,3.82,18000,"HUMANITIES",180200
45934,"Singaporean",FALSE,21,NA,"A",1220,3.4,14000,"HUMANITIES",51000
52716,"Foreign",TRUE,18,TRUE,NA,1470,4.15,18000,"SOCIAL SCIENCE",226900
92932,"Singaporean",TRUE,19,TRUE,"C",990,4.11,14000,"SCIENCE",180900
56447,"Singaporean",FALSE,22,NA,"A",1240,3.47,14000,"SCIENCE",251200
72961,"Singaporean",TRUE,18,FALSE,"B",1240,3.98,18000,"HUMANITIES",69900
14191,"Singaporean",FALSE,21,NA,"A",1320,3.86,22000,"HUMANITIES",86800
89202,"Singaporean",FALSE,21,NA,"A",1420,4.63,18000,"SCIENCE",104000
30820,"Foreign",TRUE,19,FALSE,NA,1460,3.83,14000,"SCIENCE",129000
38973,"Singaporean",FALSE,20,NA,"A",1390,3.42,14000,"HUMANITIES",65300
54059,"Foreign",FALSE,18,NA,NA,1390,2.66,18000,"SCIENCE",70200
31202,"Foreign",FALSE,20,NA,NA,1140,3.27,10000,"SCIENCE",87800
76169,"Singaporean",TRUE,19,TRUE,"B",1120,4.69,14000,"HUMANITIES",108500
10724,"Foreign",TRUE,19,FALSE,NA,1250,4,14000,"SOCIAL SCIENCE",63200
597,"Singaporean",FALSE,20,NA,"A",1110,4.12,18000,"SCIENCE",67900
40604,"Singaporean",FALSE,18,NA,"A",1270,4.33,14000,"HUMANITIES",54700
27285,"Foreign",TRUE,18,FALSE,NA,1200,3.62,18000,"SOCIAL SCIENCE",161900
90609,"Foreign",FALSE,20,NA,NA,1520,3.95,18000,"HUMANITIES",104700
39039,"Singaporean",TRUE,18,TRUE,"B",1110,3.87,14000,"HUMANITIES",48300
55581,"Foreign",FALSE,18,NA,NA,1090,3.99,14000,"SCIENCE",197200
39499,"Foreign",FALSE,19,NA,NA,1230,3.32,18000,"SOCIAL SCIENCE",196500
25339,"Singaporean",FALSE,20,NA,"C",1060,3.78,10000,"SCIENCE",245400
58786,"Singaporean",TRUE,19,TRUE,"A",1430,4.25,22000,"SCIENCE",89500
40229,"Foreign",FALSE,22,NA,NA,1010,3.69,14000,"SCIENCE",45800
87602,"Singaporean",TRUE,18,TRUE,"B",1300,4.3,22000,"SOCIAL SCIENCE",167800
30310,"Singaporean",FALSE,19,NA,"C",1160,3.51,14000,"HUMANITIES",108300
82721,"Singaporean",FALSE,22,NA,"B",1350,4.53,14000,"SCIENCE",93500
84267,"Singaporean",FALSE,20,NA,"A",1600,4.77,18000,"HUMANITIES",252200
71336,"Foreign",FALSE,18,NA,NA,1370,3.17,18000,"SOCIAL SCIENCE",103900
77777,"Singaporean",FALSE,21,NA,"A",1450,4.35,22000,"SOCIAL SCIENCE",99500
66168,"Foreign",TRUE,19,FALSE,NA,1460,4.55,22000,"HUMANITIES",97500
91833,"Singaporean",TRUE,19,FALSE,"A",1260,3.42,18000,"SCIENCE",88300
50379,"Foreign",FALSE,18,NA,NA,1520,3.99,18000,"SOCIAL SCIENCE",114800
30126,"Singaporean",FALSE,20,NA,"A",1230,3.85,14000,"SOCIAL SCIENCE",81700
27138,"Foreign",FALSE,18,NA,NA,1440,4,14000,"HUMANITIES",300800
64228,"Singaporean",TRUE,19,FALSE,"B",1000,3.57,10000,"HUMANITIES",57400
83165,"Singaporean",FALSE,22,NA,"B",1170,3.29,14000,"SCIENCE",47300
19074,"Foreign",TRUE,18,FALSE,NA,1070,2.95,14000,"SCIENCE",135400
34570,"Foreign",TRUE,19,TRUE,NA,1140,4.64,18000,"SOCIAL SCIENCE",122400
55477,"Foreign",TRUE,19,TRUE,NA,1390,3.71,18000,"SCIENCE",89900
32735,"Singaporean",FALSE,20,NA,"B",1220,4.45,18000,"SOCIAL SCIENCE",114800
4505,"Singaporean",FALSE,18,NA,"B",1130,3.16,18000,"HUMANITIES",234500
11676,"Singaporean",TRUE,20,FALSE,"C",1260,3.25,14000,"SCIENCE",360600
60473,"Singaporean",FALSE,19,NA,"A",1430,4.57,18000,"HUMANITIES",78500
51839,"Foreign",FALSE,22,NA,NA,1080,3.77,14000,"HUMANITIES",129100
35896,"Singaporean",FALSE,22,NA,"A",1380,4.01,22000,"SOCIAL SCIENCE",68400
87471,"Singaporean",FALSE,20,NA,"B",1220,3.63,18000,"SOCIAL SCIENCE",130700
15304,"Foreign",FALSE,19,NA,NA,1110,2.97,14000,"HUMANITIES",209300
82309,"Singaporean",FALSE,21,NA,"A",1380,4.15,18000,"HUMANITIES",216600
96052,"Singaporean",TRUE,20,TRUE,"B",1480,3.62,18000,"HUMANITIES",148500
34829,"Singaporean",TRUE,19,FALSE,"B",1310,3.78,14000,"SOCIAL SCIENCE",147000
83304,"Singaporean",FALSE,19,NA,"B",1400,4.52,18000,"SCIENCE",265100
11723,"Singaporean",FALSE,22,NA,"B",1180,3.84,18000,"HUMANITIES",169800
62327,"Singaporean",FALSE,20,NA,"B",1460,3.28,14000,"SOCIAL SCIENCE",78700
2641,"Singaporean",FALSE,18,NA,"A",1320,3.86,22000,"SOCIAL SCIENCE",444000
64647,"Singaporean",TRUE,20,FALSE,"B",1140,3.37,10000,"HUMANITIES",62000
88898,"Singaporean",TRUE,19,TRUE,"B",1200,4.8,18000,"SCIENCE",45600
89192,"Singaporean",FALSE,22,NA,"A",1370,4.11,14000,"SCIENCE",93700
83009,"Foreign",FALSE,18,NA,NA,1190,3.34,14000,"SOCIAL SCIENCE",438300
19600,"Foreign",FALSE,19,NA,NA,1230,3.77,18000,"HUMANITIES",46700
2779,"Singaporean",FALSE,18,NA,"B",1450,4.21,22000,"SOCIAL SCIENCE",248300
49801,"Singaporean",TRUE,19,FALSE,"B",1430,3.5,18000,"HUMANITIES",76000
6761,"Singaporean",FALSE,20,NA,"A",1260,4.21,22000,"HUMANITIES",50700
12528,"Singaporean",FALSE,21,NA,"B",1490,5,23000,"SOCIAL SCIENCE",337300
36153,"Singaporean",FALSE,18,NA,"C",1370,4.36,22000,"SCIENCE",79500
2734,"Singaporean",FALSE,20,NA,"B",1030,3.53,10000,"SCIENCE",95400
78601,"Singaporean",FALSE,21,NA,"A",1320,3.85,14000,"SOCIAL SCIENCE",388800
64501,"Singaporean",FALSE,20,NA,"B",1020,3.38,14000,"SOCIAL SCIENCE",57400
24098,"Foreign",FALSE,19,NA,NA,1460,3.73,22000,"SOCIAL SCIENCE",347500
91010,"Foreign",TRUE,18,FALSE,NA,1070,3.29,14000,"SCIENCE",63700
50255,"Foreign",FALSE,19,NA,NA,1410,4.43,22000,"HUMANITIES",123600
57501,"Singaporean",TRUE,21,TRUE,"A",1550,5,18000,"SOCIAL SCIENCE",155200
43368,"Foreign",FALSE,18,NA,NA,1460,4.58,22000,"SOCIAL SCIENCE",111400
39401,"Singaporean",FALSE,18,NA,"A",1430,4.75,18000,"SCIENCE",128400
59168,"Foreign",FALSE,19,NA,NA,1240,4.68,14000,"SOCIAL SCIENCE",131800
97591,"Foreign",FALSE,19,NA,NA,1140,4.11,14000,"SCIENCE",342200
84877,"Singaporean",FALSE,20,NA,"C",1160,3.17,14000,"HUMANITIES",239700
62050,"Singaporean",FALSE,18,NA,"B",1470,4.94,22000,"HUMANITIES",78000
26378,"Singaporean",FALSE,21,NA,"B",1420,3.01,14000,"SCIENCE",94700
46315,"Foreign",FALSE,19,NA,NA,1160,3.36,18000,"HUMANITIES",84500
33194,"Singaporean",FALSE,19,NA,"A",1440,5,22000,"HUMANITIES",57300
66866,"Singaporean",TRUE,18,FALSE,"A",1510,4.01,18000,"SOCIAL SCIENCE",68500
56965,"Singaporean",TRUE,19,FALSE,"A",1450,4.71,22000,"SOCIAL SCIENCE",267300
41902,"Foreign",FALSE,18,NA,NA,1300,3.05,18000,"SCIENCE",291200
66659,"Foreign",FALSE,18,NA,NA,960,4.45,10000,"SOCIAL SCIENCE",93000
49176,"Singaporean",FALSE,23,NA,"B",1420,4.04,14000,"SCIENCE",63600
84289,"Singaporean",TRUE,18,FALSE,"B",1370,3.82,18000,"HUMANITIES",70100
30182,"Singaporean",FALSE,20,NA,"B",1140,3.89,18000,"SCIENCE",59800
47821,"Singaporean",FALSE,24,NA,"B",1070,3.2,10000,"SCIENCE",48600
80556,"Singaporean",FALSE,20,NA,"A",1570,3.71,18000,"SCIENCE",78000
42556,"Singaporean",FALSE,21,NA,"B",1300,3.62,18000,"SOCIAL SCIENCE",142900
18211,"Singaporean",FALSE,21,NA,"A",1120,3.73,18000,"SOCIAL SCIENCE",115800
43829,"Foreign",FALSE,19,NA,NA,1080,3.23,10000,"SCIENCE",68000
2121,"Foreign",TRUE,19,TRUE,NA,1120,3.52,14000,"SOCIAL SCIENCE",171900
25830,"Foreign",FALSE,19,NA,NA,1130,4.41,18000,"HUMANITIES",258100
35017,"Foreign",FALSE,20,NA,NA,1040,4.04,14000,"SCIENCE",78300
4436,"Foreign",FALSE,20,NA,NA,1320,4.07,22000,"SOCIAL SCIENCE",177000
35570,"Foreign",FALSE,18,NA,NA,1170,3.76,18000,"SCIENCE",49100
28663,"Foreign",FALSE,19,NA,NA,1330,4.21,18000,"SOCIAL SCIENCE",66400
40360,"Singaporean",FALSE,20,NA,"B",1130,2.5,10000,"SCIENCE",75700
18651,"Foreign",TRUE,18,FALSE,NA,1260,3.93,14000,"HUMANITIES",70400
45065,"Foreign",TRUE,22,TRUE,NA,1460,5,18000,"HUMANITIES",77800
67592,"Singaporean",FALSE,22,NA,"C",1320,3.1,14000,"SCIENCE",115000
19489,"Singaporean",FALSE,22,NA,"A",1110,3.41,18000,"SOCIAL SCIENCE",262400
16951,"Foreign",FALSE,21,NA,NA,1310,3.91,18000,"SOCIAL SCIENCE",49200
15471,"Singaporean",FALSE,18,NA,"C",1310,3.95,18000,"HUMANITIES",192100
75097,"Foreign",FALSE,18,NA,NA,1290,5,22000,"SCIENCE",189700
13235,"Foreign",FALSE,19,NA,NA,1000,3.29,10000,"HUMANITIES",87200
1439,"Foreign",TRUE,19,TRUE,NA,1550,5,22000,"SCIENCE",75500
81855,"Singaporean",FALSE,18,NA,"B",1180,4.42,18000,"SCIENCE",46400
78624,"Singaporean",FALSE,18,NA,"B",1420,5,18000,"HUMANITIES",47700
70588,"Foreign",FALSE,19,NA,NA,1060,3.51,10000,"SCIENCE",105200
42134,"Singaporean",FALSE,19,NA,"A",1260,3.35,14000,"SOCIAL SCIENCE",193900
62161,"Singaporean",TRUE,18,FALSE,"C",1160,3.67,14000,"HUMANITIES",50500
45135,"Singaporean",FALSE,18,NA,"B",1440,4.5,18000,"HUMANITIES",117200
17398,"Foreign",TRUE,19,FALSE,NA,1030,3.14,14000,"SCIENCE",157300
62649,"Singaporean",FALSE,18,NA,"A",1370,3.97,18000,"HUMANITIES",163600
52358,"Singaporean",FALSE,18,NA,"C",1350,3.22,18000,"SOCIAL SCIENCE",54000
55954,"Foreign",FALSE,19,NA,NA,1190,3.19,14000,"SCIENCE",108800
93110,"Singaporean",FALSE,19,NA,"B",1060,4,18000,"SCIENCE",238000
69353,"Singaporean",FALSE,21,NA,"A",1550,4.29,22000,"SOCIAL SCIENCE",81000
61642,"Foreign",FALSE,22,NA,NA,1210,3.53,18000,"SCIENCE",135300
33963,"Singaporean",FALSE,23,NA,"B",1260,5,14000,"HUMANITIES",127300
46962,"Foreign",FALSE,19,NA,NA,1280,3.73,18000,"SOCIAL SCIENCE",82500
15015,"Singaporean",FALSE,21,NA,"A",1110,4.31,18000,"SCIENCE",48200
9136,"Singaporean",FALSE,20,NA,"B",1420,4.55,22000,"SOCIAL SCIENCE",73100
88719,"Singaporean",FALSE,18,NA,"C",1000,3.23,14000,"SCIENCE",102500
14586,"Singaporean",TRUE,18,FALSE,"A",1360,3.48,22000,"SCIENCE",157100
72004,"Singaporean",FALSE,18,NA,"C",1130,3.77,14000,"SCIENCE",60800
24534,"Foreign",FALSE,19,NA,NA,1180,3.7,14000,"HUMANITIES",141000
21981,"Foreign",FALSE,19,NA,NA,1450,4.47,22000,"SOCIAL SCIENCE",141600
73194,"Singaporean",FALSE,18,NA,"B",1420,4.46,18000,"HUMANITIES",125500
88470,"Singaporean",FALSE,24,NA,"B",1020,4.92,18000,"SCIENCE",99500
36598,"Singaporean",FALSE,18,NA,"A",1330,4.19,18000,"HUMANITIES",79700
23632,"Singaporean",FALSE,21,NA,"A",1450,4.2,22000,"HUMANITIES",211700
50158,"Foreign",FALSE,19,NA,NA,1150,2.9,14000,"SCIENCE",70300
81196,"Singaporean",FALSE,19,NA,"B",1310,3.73,14000,"HUMANITIES",243800
39498,"Singaporean",FALSE,20,NA,"A",1130,3.45,18000,"HUMANITIES",50900
59247,"Foreign",FALSE,19,NA,NA,1390,3.84,22000,"HUMANITIES",122700
62082,"Foreign",FALSE,19,NA,NA,1470,4.6,22000,"SOCIAL SCIENCE",59300
49165,"Foreign",FALSE,19,NA,NA,1280,3.18,14000,"SCIENCE",212600
43323,"Singaporean",FALSE,22,NA,"A",1240,3.25,18000,"HUMANITIES",192200
44651,"Foreign",TRUE,19,FALSE,NA,1240,3.82,14000,"SOCIAL SCIENCE",143100
54184,"Singaporean",FALSE,19,NA,"B",1300,3.8,18000,"SOCIAL SCIENCE",57700
15938,"Singaporean",FALSE,19,NA,"C",1070,4.42,18000,"SOCIAL SCIENCE",271300
16815,"Singaporean",FALSE,18,NA,"B",1240,3.74,18000,"SCIENCE",99200
59386,"Singaporean",FALSE,20,NA,"C",1400,4.47,18000,"SCIENCE",139400
20729,"Foreign",FALSE,19,NA,NA,1070,3.6,14000,"SOCIAL SCIENCE",233300
62296,"Singaporean",FALSE,20,NA,"B",1290,3.27,14000,"SOCIAL SCIENCE",49300
7853,"Singaporean",TRUE,19,FALSE,"A",1260,3.41,14000,"HUMANITIES",94500
62437,"Singaporean",FALSE,20,NA,"A",1320,4.3,22000,"SOCIAL SCIENCE",76500
39952,"Foreign",FALSE,18,NA,NA,990,3.54,18000,"HUMANITIES",75500
78491,"Foreign",TRUE,18,TRUE,NA,1470,5,22000,"SCIENCE",346800
82254,"Singaporean",FALSE,19,NA,"B",1290,3.65,14000,"SCIENCE",113800
16995,"Foreign",FALSE,18,NA,NA,1160,3.15,18000,"SOCIAL SCIENCE",51400
4469,"Singaporean",FALSE,18,NA,"B",1390,3.21,18000,"SCIENCE",181600
34021,"Singaporean",FALSE,18,NA,"A",1500,4.79,18000,"SOCIAL SCIENCE",85400
75729,"Foreign",FALSE,19,NA,NA,1420,4.34,22000,"HUMANITIES",126400
5400,"Singaporean",FALSE,20,NA,"A",1320,3.75,22000,"HUMANITIES",173100
79286,"Singaporean",FALSE,20,NA,"A",1570,3.9,18000,"SCIENCE",68600
39823,"Singaporean",FALSE,20,NA,"B",1460,4.21,18000,"HUMANITIES",59200
68450,"Singaporean",FALSE,21,NA,"B",1310,4.67,14000,"SCIENCE",99900
31322,"Foreign",FALSE,18,NA,NA,1530,4.63,22000,"HUMANITIES",135600
27238,"Singaporean",FALSE,21,NA,"B",1290,4.18,14000,"SOCIAL SCIENCE",90400
52813,"Foreign",FALSE,20,NA,NA,1200,4.75,14000,"SOCIAL SCIENCE",92500
97237,"Singaporean",FALSE,21,NA,"A",1150,2.94,14000,"SOCIAL SCIENCE",154500
65032,"Singaporean",TRUE,18,TRUE,"A",1110,3.19,14000,"SCIENCE",151000
80156,"Singaporean",TRUE,19,TRUE,"B",1200,3.95,18000,"HUMANITIES",186000
63518,"Singaporean",FALSE,21,NA,"A",1180,4.44,14000,"SOCIAL SCIENCE",137500
41344,"Singaporean",FALSE,20,NA,"B",1270,4.39,18000,"SOCIAL SCIENCE",52700
12828,"Foreign",TRUE,18,FALSE,NA,1350,4.21,18000,"HUMANITIES",49600
95799,"Singaporean",FALSE,20,NA,"B",1040,4.41,18000,"SCIENCE",98500
37562,"Singaporean",FALSE,20,NA,"B",1460,5,22000,"SCIENCE",50200
76236,"Singaporean",FALSE,22,NA,"B",1010,3.84,10000,"SCIENCE",274100
16249,"Singaporean",FALSE,22,NA,"B",1390,3.21,18000,"SCIENCE",282200
33880,"Foreign",TRUE,19,FALSE,NA,1330,4.59,22000,"SCIENCE",127100
10625,"Singaporean",FALSE,21,NA,"B",1060,4.24,18000,"SCIENCE",57000
87335,"Singaporean",FALSE,18,NA,"A",1240,3.63,18000,"HUMANITIES",142000
7402,"Foreign",FALSE,19,NA,NA,1150,3.65,18000,"HUMANITIES",105400
96954,"Singaporean",FALSE,21,NA,"A",1320,3.2,18000,"SOCIAL SCIENCE",156300
23083,"Singaporean",TRUE,20,TRUE,"B",1220,4.09,18000,"SCIENCE",100100
37103,"Singaporean",FALSE,19,NA,"A",1220,3.89,14000,"HUMANITIES",123000
8364,"Foreign",FALSE,18,NA,NA,1080,3.68,10000,"SCIENCE",354700
82750,"Foreign",FALSE,19,NA,NA,960,4.09,14000,"SOCIAL SCIENCE",62600
16068,"Foreign",FALSE,18,NA,NA,1120,3.57,14000,"HUMANITIES",80500
79809,"Singaporean",FALSE,18,NA,"B",1250,3.57,18000,"SCIENCE",335500
41959,"Singaporean",FALSE,21,NA,"B",1370,4.23,22000,"SCIENCE",178600
22122,"Singaporean",FALSE,20,NA,"A",1540,4.01,18000,"SOCIAL SCIENCE",191300
31766,"Foreign",FALSE,19,NA,NA,1040,3.34,18000,"SCIENCE",542900
52314,"Singaporean",TRUE,18,TRUE,"B",1190,3.25,18000,"HUMANITIES",89500
56441,"Singaporean",FALSE,22,NA,"A",1110,3.02,18000,"HUMANITIES",211600
90182,"Singaporean",FALSE,18,NA,"A",1100,4.13,14000,"SCIENCE",132500
47177,"Foreign",FALSE,21,NA,NA,1240,4.24,18000,"SOCIAL SCIENCE",56500
96587,"Singaporean",FALSE,20,NA,"A",1140,3.91,18000,"SOCIAL SCIENCE",122800
89271,"Singaporean",TRUE,20,TRUE,"B",1060,4.56,14000,"SOCIAL SCIENCE",74700
69605,"Singaporean",FALSE,20,NA,"B",1100,4.4,18000,"HUMANITIES",133200
75270,"Singaporean",TRUE,19,FALSE,"B",1430,3.94,18000,"HUMANITIES",52100
19333,"Singaporean",TRUE,19,TRUE,"A",1380,4.32,14000,"HUMANITIES",95000
7055,"Singaporean",FALSE,21,NA,"A",1530,4.76,22000,"HUMANITIES",154900
